date,r2,sum_beta,converged,n_obs,n_active
2006-02-24,0.7294040557423269,0.48051342293221455,True,62,4
2006-03-03,0.5921845899401863,0.5158747034886995,True,67,5
2006-03-10,0.6365133214328851,0.5429909591817932,True,72,6
2006-03-17,0.6277922629982913,0.5406705178393886,True,77,6
2006-03-24,0.6304814659719005,0.5276627306356024,True,82,6
2006-03-31,0.3949732617455358,0.5196856756579267,True,87,4
2006-04-07,0.4465538673741072,0.5457766618738078,True,92,6
2006-04-14,0.580556420090956,0.6598469330346809,True,97,6
2006-04-21,0.5981765789801183,0.715353442209928,True,102,6
2006-04-28,0.5980225838609361,0.6788492352007256,True,107,5
2006-05-12,0.6797901752102194,0.7550296424908033,True,112,7
2006-05-19,0.7603594912372982,0.7663332193889976,True,117,7
2006-05-26,0.7994297618191424,0.7635994508755408,True,120,7
2006-06-02,0.8163486390411573,0.7869420917860841,True,120,6
2006-06-09,0.8449105107710988,0.7969074635243816,True,120,6
2006-06-16,0.8466429891089078,0.8083679907589938,True,120,6
2006-06-23,0.8432013220470094,0.8044441136735826,True,120,5
2006-06-30,0.843023838863324,0.8139480854414578,True,120,6
2006-07-07,0.8407952416502359,0.8104127193679548,True,120,7
2006-07-14,0.8485504029453672,0.7905254740187189,True,120,6
2006-07-21,0.8467389114897292,0.779636980765574,True,120,6
2006-07-28,0.8461798620254771,0.787288722745273,True,120,6
2006-08-04,0.857915536436382,0.7818132319533229,True,120,6
2006-08-11,0.8521725449046816,0.7630215682840631,True,120,6
2006-08-18,0.8592952307059781,0.7673739251178157,True,120,6
2006-08-25,0.862322522198828,0.7666473846966118,True,120,6
2006-09-01,0.8482800205584219,0.7640455760007756,True,120,6
2006-09-08,0.8506184055045611,0.7652849838935137,True,120,6
2006-09-15,0.8472827301193402,0.7704522064530193,True,120,6
2006-09-22,0.853227433186661,0.7601751046810873,True,120,7
2006-09-29,0.8489415076143662,0.7654637102606381,True,120,6
2006-10-13,0.8553905382828114,0.7800675796709706,True,120,5
2006-10-20,0.8505006760102515,0.799382332241678,True,120,5
2006-10-27,0.8558779848185133,0.8139152180271362,True,120,7
2006-11-03,0.8461378247444133,0.8125164511993169,True,120,5
2006-11-10,0.8388250425399602,0.8111814604619481,True,120,6
2006-11-17,0.8468220876747132,0.8405104951330611,True,120,5
2006-11-24,0.8307428216668357,0.8418735543075051,True,120,6
2006-12-01,0.8390524512964448,0.8544100093256917,True,120,7
2006-12-08,0.8565229500473567,0.8348683252036013,True,120,7
2006-12-15,0.8395693204027612,0.8059246080419529,True,120,7
2006-12-22,0.8462541567330072,0.7920911230630125,True,120,8
2006-12-29,0.836096971358857,0.7596795254732029,True,120,6
2007-01-05,0.8288775404766624,0.7553179808871968,True,120,4
2007-01-12,0.7686017503161788,0.6935611636698262,True,120,6
2007-01-19,0.7279295170466004,0.5889466264273243,True,120,5
2007-01-26,0.7474939124935291,0.5829571619606057,True,120,5
2007-02-02,0.8145928359671694,0.6344214726957107,True,120,6
2007-02-09,0.8004959319893692,0.6386535568525169,True,120,5
2007-02-16,0.7937012154658817,0.6660973659034479,True,120,7
2007-03-02,0.833911676061453,0.8017046281156188,True,120,7
2007-03-09,0.8250551328629891,0.8296393021896882,True,120,7
2007-03-16,0.8232591906874398,0.8234513436512666,True,120,8
2007-03-23,0.8037044934732301,0.8182097228350534,True,120,6
2007-03-30,0.7849947231231473,0.7991834433950478,True,120,6
2007-04-06,0.7851801715504912,0.8039098078005329,True,120,6
2007-04-13,0.7655136131904028,0.776449672752036,True,120,6
2007-04-20,0.7820637039425873,0.7926545211662825,True,120,6
2007-04-27,0.7864837723014294,0.7903446080252259,True,120,6
2007-05-04,0.7887679874717278,0.8007586957794748,True,120,6
2007-05-11,0.789409893519175,0.7982960674408202,True,120,5
2007-05-18,0.8003510655003201,0.8167692319590176,True,120,5
2007-05-25,0.8082755008888965,0.8230692693638868,True,120,5
2007-06-01,0.7979541644438306,0.8238288873781611,True,120,3
2007-06-08,0.8190044944582117,0.7921302940988277,True,120,5
2007-06-15,0.8243875754612366,0.8023177630021179,True,120,4
2007-06-22,0.8198868827597185,0.7898370373224668,True,120,4
2007-06-29,0.8243453958916008,0.7526389359522767,True,120,4
2007-07-06,0.8339449529874989,0.7544672314641843,True,120,4
2007-07-13,0.8378731256323659,0.7606110358937989,True,120,4
2007-07-20,0.8468255675030065,0.7692144272986102,True,120,4
2007-07-27,0.8438555679524058,0.7724520490875264,True,120,4
2007-08-03,0.8443163397727464,0.7723126346450839,True,120,5
2007-08-10,0.8386163989959389,0.7615101274806448,True,120,5
2007-08-17,0.8397108187002993,0.7663807674533942,True,120,6
2007-08-24,0.8409319862018714,0.7698080696607095,True,120,4
2007-08-31,0.832944632445978,0.7654716119046809,True,120,7
2007-09-07,0.8384339439960641,0.7616454312286072,True,120,7
2007-09-14,0.8496858251698121,0.7479549758595242,True,120,6
2007-09-21,0.8499805496137642,0.7500863504861708,True,120,6
2007-09-28,0.8419114633416077,0.7575325471976531,True,120,7
2007-10-12,0.8217170245640208,0.7441439002755637,True,120,7
2007-10-19,0.827864117470642,0.7525286602863086,True,120,7
2007-10-26,0.845326921608378,0.756238730758533,True,120,6
2007-11-02,0.8506971826364272,0.756025616172001,True,120,7
2007-11-09,0.8604715051711932,0.7458550013000272,True,120,7
2007-11-16,0.8676419126639192,0.7555039452655801,True,120,7
2007-11-23,0.8859607557021636,0.7435941179705678,True,120,7
2007-11-30,0.8857445821415607,0.751421658379325,True,120,6
2007-12-07,0.8883106554969389,0.7445376535039928,True,120,6
2007-12-14,0.9031460358686003,0.7751524944468404,True,120,6
2007-12-21,0.905742290399944,0.7854143099790835,True,120,8
2007-12-28,0.9052738922557308,0.7954539448877653,True,120,8
2008-01-04,0.8993216081279181,0.7925495135053194,True,120,7
2008-01-11,0.8886733651277541,0.7835189460840843,True,120,8
2008-01-18,0.8834670732194148,0.7515913683331862,True,120,8
2008-01-25,0.9226152198546247,0.8025011032813403,True,120,9
2008-02-01,0.9073401687408186,0.7847858942375296,True,120,8
2008-02-08,0.9215169214863352,0.8019520410371168,True,120,7
2008-02-15,0.9193062043994382,0.8028786802626886,True,120,7
2008-02-22,0.9205814601805244,0.8089335267457305,True,120,7
2008-02-29,0.9208423477787714,0.8158680187981187,True,120,7
2008-03-07,0.9208044088243024,0.819710739122336,True,120,7
2008-03-14,0.9198508459374692,0.8344334829596552,True,120,7
2008-03-21,0.9329898987338636,0.8059069620812424,True,120,7
2008-03-28,0.92818129120021,0.8008929744978367,True,120,8
2008-04-04,0.9301352663625657,0.7725736477349481,True,120,7
2008-04-11,0.9399343035228438,0.7713564352803075,True,120,7
2008-04-18,0.9314127340204831,0.7528050910426946,True,120,7
2008-04-25,0.9393724258780574,0.7689907845209758,True,120,6
2008-05-02,0.9389625223133308,0.7780018041410123,True,120,7
2008-05-09,0.9417348702611973,0.7839546926150196,True,120,7
2008-05-16,0.9353788457355176,0.7772059766727619,True,120,6
2008-05-23,0.9366025853041916,0.7777517058404527,True,120,7
2008-05-30,0.9370669769491532,0.7751274725056606,True,120,7
2008-06-06,0.9343990036441943,0.7745863300740803,True,120,7
2008-06-13,0.9385400532595857,0.7737358302751114,True,120,7
2008-06-20,0.9410258536860625,0.7737480196603681,True,120,7
2008-06-27,0.9458203787592947,0.7668796378021707,True,120,7
2008-07-04,0.944165999409538,0.7619134655059011,True,120,7
2008-07-11,0.9456525153813253,0.7584291527336684,True,120,7
2008-07-18,0.9454753413844172,0.7598625259668368,True,120,7
2008-07-25,0.9463618385036744,0.7603066847586695,True,120,7
2008-08-01,0.9460859423436395,0.7565993711882635,True,120,7
2008-08-08,0.9391299698461112,0.7441350586566835,True,120,6
2008-08-15,0.9365912230649777,0.721900580815972,True,120,7
2008-08-22,0.9486988317888341,0.7285982346218932,True,120,8
2008-08-29,0.9461328477405294,0.7239039344638423,True,120,7
2008-09-05,0.939786545137866,0.7448189439600268,True,120,5
2008-09-12,0.9359168703561157,0.7374756630013128,True,120,6
2008-09-19,0.9421371931818474,0.771688703915917,True,120,6
2008-09-26,0.9420000975996212,0.7596541892672037,True,120,7
2008-10-10,0.9418745030207626,0.7546886870551919,True,120,6
2008-10-17,0.9445320633347564,0.7508922806085147,True,120,6
2008-10-24,0.941057025495124,0.7438029027197041,True,120,7
2008-10-31,0.9418585385811448,0.729369667987182,True,120,8
2008-11-07,0.9423654444721259,0.7347034914203253,True,120,10
2008-11-14,0.9550192949237649,0.7377663560174971,True,120,7
2008-11-21,0.9595917692872753,0.7626249438648953,True,120,10
2008-11-28,0.9572708199246442,0.7726850061106887,True,120,8
2008-12-05,0.9567771650287376,0.7795420346232079,True,120,8
2008-12-12,0.956207664882442,0.7724907556084746,True,120,8
2008-12-19,0.9556370875778837,0.7794080466564931,True,120,8
2008-12-26,0.9581113275048929,0.7898957224863977,True,120,9
2009-01-02,0.9532770363183505,0.7965473661692546,True,120,8
2009-01-09,0.9521000566085182,0.782655903092456,True,120,8
2009-01-16,0.9474219545211994,0.778843532451801,True,120,9
2009-01-23,0.946580503255787,0.7762188861411393,True,120,9
2009-02-06,0.9473137477312772,0.7667833800318858,True,120,9
2009-02-13,0.9466875112873102,0.7824699770880501,True,120,9
2009-02-20,0.950315940799003,0.7676818256917003,True,120,9
2009-02-27,0.9483279655075032,0.7483116565057273,True,120,8
2009-03-06,0.9477463825218578,0.7606515073324615,True,120,9
2009-03-13,0.9507364659683805,0.7646362709385088,True,120,9
2009-03-20,0.9523245173786455,0.76789643204249,True,120,9
2009-03-27,0.9528838310897144,0.7570977913211457,True,120,9
2009-04-03,0.9486508181650007,0.7453669354225263,True,120,9
2009-04-10,0.9506251904777959,0.7503003554441117,True,120,9
2009-04-17,0.9479804379490618,0.7542954276610803,True,120,9
2009-04-24,0.9472175278320681,0.7446474102659029,True,120,8
2009-05-01,0.936124189993985,0.7224902186590236,True,120,8
2009-05-08,0.932866047844436,0.7168038965182281,True,120,8
2009-05-15,0.9350688661190637,0.7095106982743444,True,120,8
2009-05-22,0.9339805198408235,0.7088939606559741,True,120,8
2009-05-29,0.9341088666622691,0.7069319467319802,True,120,8
2009-06-05,0.932102761356565,0.7167893685184166,True,120,9
2009-06-12,0.9278774090898376,0.710009331472554,True,120,9
2009-06-19,0.9214597705897561,0.7368254341521653,True,120,8
2009-06-26,0.912383356538714,0.7213949839004086,True,120,8
2009-07-03,0.9174042661911895,0.7266345586544396,True,120,8
2009-07-10,0.9111965056019546,0.7314545303641803,True,120,8
2009-07-17,0.8983136500959256,0.7373099746452144,True,120,8
2009-07-24,0.8989592041142402,0.7526614364911921,True,120,9
2009-07-31,0.9061619482771721,0.753612507052055,True,120,10
2009-08-07,0.8976027634611433,0.7443835069370464,True,120,10
2009-08-14,0.9137814377479963,0.7567336996088654,True,120,11
2009-08-21,0.9331386922969676,0.7924585328413163,True,120,10
2009-08-28,0.9390108252113345,0.7952828713837998,True,120,11
2009-09-04,0.9492283192406672,0.7924996709168889,True,120,10
2009-09-11,0.9458241192099737,0.8119312281463573,True,120,10
2009-09-18,0.9482011145211448,0.8204793026806312,True,120,11
2009-09-25,0.9508843031570661,0.8271600454223814,True,120,9
2009-10-02,0.9470239965341015,0.8161731097343551,True,120,9
2009-10-09,0.949381056856696,0.8105154312537115,True,120,9
2009-10-16,0.9461624389038512,0.8095758235013607,True,120,9
2009-10-23,0.9480913846760469,0.8213605498744057,True,120,9
2009-10-30,0.9502093571527327,0.8249152855566418,True,120,9
2009-11-06,0.9472504320102254,0.8427155969379475,True,120,8
2009-11-13,0.94411672251544,0.8341277752302106,True,120,8
2009-11-20,0.9397382861280587,0.8383605919596888,True,120,8
2009-11-27,0.9519893141358284,0.8559548862764715,True,120,8
2009-12-04,0.945809476881708,0.858566221626356,True,120,8
2009-12-11,0.9437865732987122,0.8632136940848373,True,120,9
2009-12-18,0.9484879072228105,0.8585905406909342,True,120,10
2009-12-25,0.9414438950627094,0.8570816418117357,True,120,9
2010-01-01,0.9420703712693383,0.8584824251166007,True,120,9
2010-01-08,0.9420324295527419,0.8521359769987389,True,120,8
2010-01-15,0.93974801084969,0.8434137999037302,True,120,9
2010-01-22,0.9433371524279192,0.8487904331529678,True,120,9
2010-01-29,0.9502382674952731,0.8551313842787257,True,120,9
2010-02-05,0.9485891725681871,0.8606619442447727,True,120,9
2010-02-12,0.9470876916370861,0.8732383754814832,True,120,9
2010-02-26,0.9428411017288895,0.8637178826802714,True,120,9
2010-03-05,0.9449727303907298,0.8745901616737644,True,120,9
2010-03-12,0.9446844432198926,0.877750475003183,True,120,9
2010-03-19,0.9429910065697227,0.8809052899638059,True,120,8
2010-03-26,0.9417776895506818,0.8813703802037409,True,120,10
2010-04-02,0.9439711812013902,0.8921711350325112,True,120,9
2010-04-09,0.9455732001046675,0.8986198767197616,True,120,10
2010-04-16,0.9405160991123944,0.904271905992251,True,120,10
2010-04-23,0.9477606295002405,0.9037983480809633,True,120,9
2010-04-30,0.9436189136573173,0.9030952116488837,True,120,9
2010-05-07,0.9508772714116129,0.9123306204951627,True,120,10
2010-05-14,0.9529809695407847,0.9045085344677819,True,120,11
2010-05-21,0.9579715430700115,0.8797193501483914,True,120,10
2010-05-28,0.9597526893015187,0.8740426159101147,True,120,10
2010-06-04,0.9606539274651676,0.8685904449793685,True,120,10
2010-06-11,0.9614698593448087,0.8644213011780415,True,120,10
2010-06-18,0.9606748790052185,0.8858845747301722,True,120,9
2010-06-25,0.9633237430650262,0.8841766610264383,True,120,9
2010-07-02,0.9624824789377557,0.8977983950923853,True,120,7
2010-07-09,0.961418047837819,0.88268533102229,True,120,7
2010-07-16,0.9593754946996818,0.8760780758610416,True,120,7
2010-07-23,0.9619765272542958,0.8785484529982787,True,120,7
2010-07-30,0.9615360322848087,0.8746331769623075,True,120,7
2010-08-06,0.9611908661920227,0.8584714254866228,True,120,10
2010-08-13,0.9633579026427735,0.8738575613637767,True,120,10
2010-08-20,0.9646548748308919,0.8730746882010214,True,120,8
2010-08-27,0.958417258588991,0.8737103743743689,True,120,9
2010-09-03,0.9595316856278087,0.8824213487292563,True,120,8
2010-09-10,0.9509500775979572,0.858842032265724,True,120,9
2010-09-17,0.9533945395381263,0.8769873116300125,True,120,9
2010-09-24,0.9532318154439307,0.8752805530136664,True,120,10
2010-10-01,0.9537421094399056,0.8698208618101315,True,120,10
2010-10-08,0.9539223812831749,0.8854263829591251,True,120,10
2010-10-15,0.9551276235990098,0.8752067673323054,True,120,10
2010-10-22,0.9273767155008348,0.8751333713740862,True,120,10
2010-10-29,0.9239743956655591,0.8720210683742179,True,120,11
2010-11-05,0.912175245636455,0.8782208763366126,True,120,12
2010-11-12,0.9190128219712315,0.8345127044764262,True,120,12
2010-11-19,0.928586644956707,0.8386392358362793,True,120,10
2010-11-26,0.925024497541991,0.8235314342549145,True,120,11
2010-12-03,0.9203831786862261,0.8106029610084171,True,120,10
2010-12-10,0.9048949762110406,0.8160082560931047,True,120,11
2010-12-17,0.898657396003537,0.8307889760442237,True,120,10
2010-12-24,0.8992722972787232,0.8277435158385189,True,120,10
2010-12-31,0.8998326572756182,0.8290129901285441,True,120,9
2011-01-07,0.8908957535040748,0.8318558873486044,True,120,10
2011-01-14,0.894225749139937,0.8255979577079772,True,120,10
2011-01-21,0.9161523342403599,0.8389293192268626,True,120,10
2011-01-28,0.9190641348308812,0.8436611775942224,True,120,10
2011-02-04,0.9190584406605266,0.8451961085315846,True,120,10
2011-02-11,0.9209059875289345,0.8409785347931287,True,120,10
2011-02-18,0.9133012629492776,0.8555721719604241,True,120,8
2011-02-25,0.9085000565735719,0.8543098708497271,True,120,8
2011-03-04,0.904645436694874,0.8517960621045355,True,120,9
2011-03-11,0.8957123914286462,0.8581757002168973,True,120,9
2011-03-18,0.9015353238494381,0.8562940703369953,True,120,8
2011-03-25,0.9015392424524414,0.8586774558220327,True,120,9
2011-04-01,0.8988692721893632,0.8671276576411528,True,120,8
2011-04-08,0.8952151362212633,0.86518471062033,True,120,8
2011-04-15,0.8909870854380115,0.8671081031900287,True,120,9
2011-04-22,0.8911341917668254,0.8587808436238815,True,120,9
2011-04-29,0.8739617999232254,0.8488378482009017,True,120,8
2011-05-06,0.88008571041765,0.8431449840547591,True,120,8
2011-05-13,0.8759498054345296,0.8560659376286571,True,120,8
2011-05-20,0.8746436762448385,0.8583460653096375,True,120,8
2011-05-27,0.8579041967430368,0.7775753836643979,True,120,7
2011-06-03,0.8640707398468284,0.7905140089413187,True,120,7
2011-06-10,0.870939882004307,0.8001639822219301,True,120,8
2011-06-17,0.8793131237700925,0.790877908825747,True,120,8
2011-06-24,0.8897004411551077,0.7995794921604562,True,120,8
2011-07-01,0.8971247362207981,0.7942485723752342,True,120,7
2011-07-08,0.8980104358198054,0.8012310589541116,True,120,7
2011-07-15,0.9007748025319601,0.8043633870922253,True,120,7
2011-07-22,0.8938746635955374,0.7877636988445937,True,120,9
2011-07-29,0.8997114412498806,0.7605719731077385,True,120,10
2011-08-05,0.8941080097453092,0.7474834057178914,True,120,9
2011-08-12,0.8919762966201403,0.7365753093076615,True,120,7
2011-08-19,0.896893299100244,0.7475285517829131,True,120,7
2011-08-26,0.9029254567193032,0.7637651135681081,True,120,6
2011-09-02,0.9052335743811754,0.7696838940287575,True,120,6
2011-09-09,0.9131384833776185,0.7882789407201114,True,120,6
2011-09-16,0.9147986061009266,0.7880616780686645,True,120,6
2011-09-23,0.930348527800928,0.8113670088298643,True,120,7
2011-09-30,0.9289684385648789,0.8164380892625074,True,120,6
2011-10-14,0.9305964303427248,0.8363862658003102,True,120,6
2011-10-21,0.9371438473698533,0.8653162667433743,True,120,6
2011-10-28,0.9475247019738765,0.8763794212382817,True,120,7
2011-11-04,0.9398458187382893,0.8875818323189766,True,120,7
2011-11-11,0.9407322487226127,0.8884117162597818,True,120,7
2011-11-18,0.9477431338943522,0.8860809188640184,True,120,6
2011-11-25,0.9474394473311711,0.8897158283429166,True,120,6
2011-12-02,0.9525426736578831,0.8841758601181438,True,120,6
2011-12-09,0.9311347347667784,0.9025615604265365,True,120,6
2011-12-16,0.9309103274350526,0.9036693509065592,True,120,7
2011-12-23,0.9249817806876787,0.9041128421751001,True,120,7
2011-12-30,0.9301311611214543,0.9025382101887877,True,120,6
2012-01-06,0.9352043160069218,0.8981063224571484,True,120,6
2012-01-13,0.9463500548966863,0.8971481985100676,True,120,6
2012-01-20,0.9598402800238564,0.9164204327455807,True,120,5
2012-02-03,0.9578058244495655,0.9158387270488458,True,120,5
2012-02-10,0.9597064929007382,0.9154588976681205,True,120,5
2012-02-17,0.9600228734694759,0.9150199418965217,True,120,5
2012-02-24,0.958738626005071,0.9262710564980864,True,120,7
2012-03-02,0.959043054140636,0.923835403006041,True,120,7
2012-03-09,0.9575202880309959,0.934659593726546,True,120,6
2012-03-16,0.9509281190742589,0.8959935734812581,True,120,6
2012-03-23,0.9458751846385545,0.8972011808424538,True,120,6
2012-03-30,0.9299962507652576,0.8438950716873244,True,120,5
2012-04-06,0.9341103863794374,0.8566110914810947,True,120,5
2012-04-13,0.9358801266640524,0.8508685755496982,True,120,6
2012-04-20,0.9336080655367498,0.8631316328133309,True,120,5
2012-04-27,0.9277330982030235,0.8629658411021814,True,120,6
2012-05-04,0.9246851455181191,0.853841858634144,True,120,7
2012-05-11,0.9236981912376712,0.8515359203094681,True,120,7
2012-05-18,0.927275589843733,0.8559072249550574,True,120,6
2012-05-25,0.9281361499956027,0.847184779039234,True,120,6
2012-06-01,0.9228004496354586,0.8568857191277971,True,120,6
2012-06-08,0.925046489261988,0.8532223048300973,True,120,8
2012-06-15,0.9293533694595008,0.8705555988493117,True,120,8
2012-06-22,0.9301235916722711,0.8760577840427453,True,120,8
2012-06-29,0.9332813136556235,0.8839616155093655,True,120,9
2012-07-06,0.9258554707736357,0.8467700680044861,True,120,10
2012-07-13,0.9291507549126456,0.8663678386777407,True,120,10
2012-07-20,0.9346039633271673,0.863895218380368,True,120,10
2012-07-27,0.9285459972394351,0.8395455080680666,True,120,9
2012-08-03,0.9218161521026955,0.8265295638581504,True,120,10
2012-08-10,0.9217102207892308,0.8038299269265479,True,120,11
2012-08-17,0.9235062457169335,0.7959328940960635,True,120,11
2012-08-24,0.919079123515593,0.8016828619030055,True,120,9
2012-08-31,0.9137167672865343,0.7799485217570666,True,120,8
2012-09-07,0.9245296133144323,0.8218509255424389,True,120,10
2012-09-14,0.9268792834186111,0.8185216683298324,True,120,9
2012-09-21,0.931860989332766,0.840608590625151,True,120,9
2012-09-28,0.9387664526755053,0.8234696050197581,True,120,9
2012-10-12,0.9379877260383286,0.8566973169062726,True,120,8
2012-10-19,0.9360410911045571,0.855786368611208,True,120,9
2012-10-26,0.9207434838259363,0.8657088223262018,True,120,8
2012-11-02,0.9218037874732699,0.8688462290303872,True,120,8
2012-11-09,0.9232214176927309,0.8654279316288884,True,120,7
2012-11-16,0.9171196353433932,0.8771924443496985,True,120,7
2012-11-23,0.9142565605597059,0.8729926616442616,True,120,7
2012-11-30,0.9187842976026563,0.8584170997018448,True,120,6
2012-12-07,0.9287634627362209,0.8587892759921656,True,120,6
2012-12-14,0.9392727554261108,0.8707362157171171,True,120,7
2012-12-21,0.9289869880372887,0.8873165113229986,True,120,7
2012-12-28,0.9338249223039726,0.8899424836756128,True,120,7
2013-01-04,0.9197429259340837,0.9118092514308125,True,120,9
2013-01-11,0.918527656755016,0.9026858345846807,True,120,10
2013-01-18,0.9266358036066603,0.9263866440851498,True,120,9
2013-01-25,0.9255884841328376,0.9372192860949723,True,120,8
2013-02-01,0.9239309774549949,0.9499999999996611,True,120,10
2013-02-08,0.9251711497801655,0.9499999999997613,True,120,8
2013-02-22,0.9242213839586477,0.9499999999993615,True,120,9
2013-03-01,0.9287234951912997,0.9499999999998238,True,120,9
2013-03-08,0.9371876801689852,0.949999999995176,True,120,9
2013-03-15,0.9316301313793355,0.9420853669191659,True,120,9
2013-03-22,0.9313609588658979,0.9466147291903209,True,120,9
2013-03-29,0.9237821452595857,0.9421761326538569,True,120,9
2013-04-05,0.9244454396321299,0.9419569949659374,True,120,9
2013-04-12,0.908397034872247,0.9231005068731256,True,120,9
2013-04-19,0.9106840302259421,0.9377109340291001,True,120,9
2013-04-26,0.9140622344178104,0.9341150145392485,True,120,9
2013-05-03,0.9144661004783053,0.9367604008495588,True,120,9
2013-05-10,0.910092370235026,0.9495561134429119,True,120,8
2013-05-17,0.9135604888412951,0.9499999999998782,True,120,10
2013-05-24,0.9104581733407635,0.9472159623465048,True,120,10
2013-05-31,0.903313619547296,0.949999999999849,True,120,10
2013-06-07,0.9060766998848588,0.9148449981029425,True,120,10
2013-06-14,0.9038133331089915,0.9164619308363715,True,120,9
2013-06-21,0.9082685911653818,0.9208639918693438,True,120,9
2013-06-28,0.9197135559617204,0.9042328175182095,True,120,8
2013-07-05,0.9222810748405323,0.915760484133068,True,120,9
2013-07-12,0.927083730713793,0.8938943379335271,True,120,8
2013-07-19,0.9150323317690088,0.9084779235760229,True,120,8
2013-07-26,0.9205763279585462,0.9080283876679264,True,120,8
2013-08-02,0.9109128953285925,0.9157443485236398,True,120,8
2013-08-09,0.8868401189389891,0.8968221404264736,True,120,6
2013-08-16,0.8916162091510791,0.8925004873695023,True,120,6
2013-08-23,0.8894315011501837,0.9151722312064247,True,120,7
2013-08-30,0.8868854902081942,0.9092771040317883,True,120,7
2013-09-06,0.8833342674449207,0.9132210414694797,True,120,8
2013-09-13,0.8612808396820648,0.9302033337720003,True,120,9
2013-09-20,0.8640339856285992,0.9400322329259643,True,120,8
2013-09-27,0.8531562063946787,0.9499999999997518,True,120,7
2013-10-04,0.85500291401045,0.9499999999998998,True,120,7
2013-10-11,0.8493515902825883,0.9499999999995132,True,120,8
2013-10-18,0.8608243964566914,0.9499999999997103,True,120,8
2013-10-25,0.8633175793273271,0.9499999999948799,True,120,10
2013-11-01,0.859277296216706,0.9499999999794724,True,120,10
2013-11-08,0.8639226773542911,0.9499999999997765,True,120,9
2013-11-15,0.8725752510121979,0.9499999999998266,True,120,10
2013-11-22,0.8761834722196711,0.9499999999996508,True,120,10
2013-11-29,0.8710257420848885,0.9499999999998733,True,120,10
2013-12-06,0.8892537185723025,0.9499999999998612,True,120,10
2013-12-13,0.8897290360966545,0.9499999999998477,True,120,10
2013-12-20,0.8922514715386454,0.9499999999997389,True,120,10
2013-12-27,0.8886071231158668,0.9499999999987568,True,120,9
2014-01-03,0.8797676822707557,0.9499999999996426,True,120,10
2014-01-10,0.8915846226278195,0.9499999999997149,True,120,11
2014-01-17,0.8916213935790964,0.9499999999986823,True,120,11
2014-01-24,0.8969210285901137,0.9499999999997031,True,120,10
2014-01-31,0.8829711822015304,0.9499999999986147,True,120,11
2014-02-07,0.8818497634489753,0.949999999999793,True,120,11
2014-02-14,0.8970109641097053,0.9499999999998997,True,120,11
2014-02-21,0.8852257899323424,0.9499999999998094,True,120,11
2014-02-28,0.90261034252165,0.9499999999997396,True,120,9
2014-03-07,0.8978469315665929,0.9499999999997744,True,120,11
2014-03-14,0.9014938945368002,0.949999999999727,True,120,10
2014-03-21,0.9073285057117538,0.9479047213558496,True,120,10
2014-03-28,0.901556302356313,0.9499999999986445,True,120,11
2014-04-04,0.9020002423510417,0.9499999999997684,True,120,11
2014-04-11,0.8991710270810677,0.9448039730165647,True,120,10
2014-04-18,0.8981608944673656,0.9497473007812062,True,120,11
2014-04-25,0.9025373231383412,0.9384638703451506,True,120,11
2014-05-02,0.9045650565982555,0.9176079116704466,True,120,10
2014-05-09,0.9019976778080195,0.9105677418724344,True,120,9
2014-05-16,0.8988674626416424,0.8912976509583443,True,120,9
2014-05-23,0.9017446801901389,0.9021933869645056,True,120,9
2014-05-30,0.8966398064018201,0.8894808107700419,True,120,10
2014-06-06,0.8991041311633349,0.8905720544063557,True,120,10
2014-06-13,0.9024063573557742,0.9031684170607214,True,120,10
2014-06-20,0.9010597696979505,0.8893041510768266,True,120,9
2014-06-27,0.8972838755775111,0.895571526521589,True,120,12
2014-07-04,0.899733943323328,0.9007190684074464,True,120,11
2014-07-11,0.902124549728548,0.8965191619398664,True,120,10
2014-07-18,0.9034919248370596,0.8922097439661395,True,120,10
2014-07-25,0.8887868341241384,0.9221230753976783,True,120,12
2014-08-01,0.8836924090011985,0.8690998455730745,True,120,10
2014-08-08,0.8806871331468201,0.8534322230419702,True,120,12
2014-08-15,0.8712453282434272,0.8182173191765135,True,120,10
2014-08-22,0.8572532420587765,0.7974605798497377,True,120,14
2014-08-29,0.8652655499032738,0.7957575717749104,True,120,14
2014-09-05,0.8602863705415632,0.7628563169992062,True,120,13
2014-09-12,0.8427357074995183,0.7819522845876224,True,120,12
2014-09-19,0.8672677379010445,0.828076212882784,True,120,12
2014-09-26,0.87407245795951,0.8114586778045045,True,120,12
2014-10-03,0.8634447502062694,0.8205597147538276,True,120,11
2014-10-10,0.8690314821447197,0.810591630638903,True,120,12
2014-10-17,0.875816547027297,0.8192535677191024,True,120,12
2014-10-24,0.8660145251068516,0.8685762948957412,True,120,13
2014-10-31,0.8663095367060002,0.8708952403432513,True,120,14
2014-11-07,0.8474721093006997,0.8687083182767763,True,120,15
2014-11-14,0.8661760974879438,0.8525831495529399,True,120,11
2014-11-21,0.8693259702555307,0.8552810298363426,True,120,11
2014-11-28,0.8662669078278991,0.8812809013887698,True,120,10
2014-12-05,0.8740007009162556,0.9106916961976885,True,120,12
2014-12-12,0.9072793423038799,0.8523917814080779,True,120,10
2014-12-19,0.8959512535346243,0.8958223965818684,True,120,8
2014-12-26,0.9048293696949047,0.9450712608295989,True,120,7
2015-01-02,0.906535901656742,0.949999999999784,True,120,7
2015-01-09,0.8918326370592926,0.9311573974965207,True,120,6
2015-01-16,0.8831366611512794,0.9038925013016165,True,120,5
2015-01-23,0.91279188589205,0.9495168673465991,True,120,6
2015-01-30,0.9145154217516351,0.9499999999998243,True,120,6
2015-02-06,0.9096254180051292,0.9499999999997284,True,120,7
2015-02-13,0.9118465653282134,0.9499999999997996,True,120,6
2015-02-20,0.906685434575592,0.9499999999988892,True,120,8
2015-02-27,0.9057390369982774,0.949999999999513,True,120,6
2015-03-06,0.9078079124542385,0.9274221008598104,True,120,9
2015-03-13,0.8964225224347563,0.9378609896572062,True,120,7
2015-03-20,0.9080819815083814,0.9363421938315997,True,120,7
2015-03-27,0.9015727733932115,0.9380594941311968,True,120,9
2015-04-03,0.9034491266188244,0.9416609003521358,True,120,9
2015-04-10,0.9032766642037812,0.9361029291131155,True,120,7
2015-04-17,0.9174204340279705,0.9499999999998627,True,120,7
2015-04-24,0.9217872569799143,0.947995123027249,True,120,7
2015-05-01,0.9253951644319405,0.9355077667551219,True,120,6
2015-05-08,0.9269711792414069,0.9406756418070006,True,120,7
2015-05-15,0.9220239027653432,0.9256822197661776,True,120,7
2015-05-22,0.9215380904211307,0.923618518003172,True,120,8
2015-05-29,0.9371566519622865,0.9314345994640565,True,120,8
2015-06-05,0.9331574000574957,0.9153268763374903,True,120,8
2015-06-12,0.91919141207318,0.9267512006591452,True,120,11
2015-06-19,0.9410971168684893,0.9099960390954122,True,120,11
2015-06-26,0.9523702909589931,0.9102405204363042,True,120,12
2015-07-03,0.9602962750557779,0.9072299441673677,True,120,12
2015-07-10,0.9667543296313692,0.9108895571442854,True,120,11
2015-07-17,0.9504819499370342,0.9037611896351356,True,120,8
2015-07-24,0.9477718821553422,0.903850881839904,True,120,12
2015-07-31,0.9524968158836361,0.9409717886507003,True,120,9
2015-08-07,0.9551285790262224,0.9379975276927202,True,120,10
2015-08-14,0.9506523754594962,0.9424123751412794,True,120,11
2015-08-21,0.95638999088275,0.9499999999969968,True,120,11
2015-08-28,0.9644383163033904,0.949999999999874,True,120,8
2015-09-04,0.9625983106591157,0.9499999999995755,True,120,7
2015-09-11,0.9558350394582019,0.9499999999989831,True,120,7
2015-09-18,0.9587278943281439,0.9499999999998667,True,120,9
2015-09-25,0.9595272627268929,0.949999999999625,True,120,9
2015-10-02,0.9598496941878181,0.9499999999998214,True,120,9
2015-10-09,0.9602801693688838,0.9499999999995881,True,120,9
2015-10-16,0.9607757794996186,0.949999999999688,True,120,9
2015-10-23,0.9581619046491695,0.9499999999996941,True,120,8
2015-10-30,0.957511751044467,0.9499999998621249,True,120,8
2015-11-06,0.9601959209726172,0.9499999999997326,True,120,8
2015-11-13,0.9605165938240736,0.9499999999998135,True,120,8
2015-11-20,0.9589343994301014,0.9499999999995752,True,120,7
2015-11-27,0.9602291494452226,0.9499999999997839,True,120,9
2015-12-04,0.9566760279749836,0.9499999999998012,True,120,9
2015-12-11,0.9543625934454214,0.949999999999778,True,120,9
2015-12-18,0.9531080736814038,0.9499999999998132,True,120,10
2015-12-25,0.9509611302374131,0.9499999999996204,True,120,10
2016-01-01,0.9494151264931592,0.9499999999997796,True,120,11
2016-01-08,0.9621290783516184,0.9499999999936906,True,120,12
2016-01-15,0.9708237211834967,0.9499999999987425,True,120,10
2016-01-22,0.9718906011890639,0.9499999998294266,True,120,10
2016-01-29,0.975935876163654,0.9499999999994868,True,120,9
2016-02-05,0.9760381388355964,0.949999999999325,True,120,9
2016-02-19,0.974597909848765,0.9499999999998789,True,120,9
2016-02-26,0.9742712604729832,0.9499999999998546,True,120,10
2016-03-04,0.9771452917034491,0.9499999999998564,True,120,11
2016-03-11,0.9800251036433177,0.9499999999998168,True,120,9
2016-03-18,0.979904788379709,0.9499999999992629,True,120,11
2016-03-25,0.9771572490818645,0.9499999999998139,True,120,12
2016-04-01,0.9781163492412378,0.949999999999575,True,120,12
2016-04-08,0.978353534705258,0.9499999999996893,True,120,13
2016-04-15,0.9753727712391095,0.9499999999998865,True,120,10
2016-04-22,0.9667009958323775,0.94999999999893,True,120,8
2016-04-29,0.9669604770182977,0.9499999999997386,True,120,9
2016-05-06,0.9665016653867,0.9499999999998763,True,120,10
2016-05-13,0.9637862560279865,0.9499999999998097,True,120,9
2016-05-20,0.9608516170457253,0.9499999999986503,True,120,9
2016-05-27,0.9566968791762155,0.9499999999998976,True,120,9
2016-06-03,0.9580516305435647,0.9499999999915806,True,120,8
2016-06-10,0.9547947338136433,0.9499999999997937,True,120,10
2016-06-17,0.9563461411894658,0.9499999999997801,True,120,9
2016-06-24,0.954170321000539,0.9499999999993574,True,120,9
2016-07-01,0.955314209700069,0.9499999999994428,True,120,9
2016-07-08,0.9417836283625991,0.9499999999997948,True,120,10
2016-07-15,0.9333870562018758,0.9499999999998844,True,120,7
2016-07-22,0.930080825751678,0.9499999999998234,True,120,8
2016-07-29,0.9292552131724832,0.9499999999996294,True,120,9
2016-08-05,0.9282539271186047,0.9499999999994473,True,120,9
2016-08-12,0.927258066678358,0.9403893575819775,True,120,10
2016-08-19,0.9283222244709404,0.9320285214463393,True,120,9
2016-08-26,0.9157179382281218,0.9200079721600065,True,120,9
2016-09-02,0.9151765613488223,0.923577757796629,True,120,9
2016-09-09,0.9139180774114737,0.909366445964452,True,120,9
2016-09-16,0.9170689864409446,0.8952919552394468,True,120,10
2016-09-23,0.9158401363787352,0.8882545092815266,True,120,9
2016-09-30,0.9046656596263174,0.8545842998505402,True,120,8
2016-10-14,0.901721225947821,0.8495808317503202,True,120,9
2016-10-21,0.9029511362112943,0.8641613863292501,True,120,9
2016-10-28,0.8997712789363692,0.85399426320987,True,120,8
2016-11-04,0.8921549365109496,0.8440439760093686,True,120,9
2016-11-11,0.8878140868572807,0.8420714384448372,True,120,9
2016-11-18,0.8868263892842442,0.8397698542019711,True,120,9
2016-11-25,0.8835274506827533,0.8303241535446064,True,120,9
2016-12-02,0.8752800945231171,0.7750279544801939,True,120,9
2016-12-09,0.8524536715978162,0.7307526848276183,True,120,8
2016-12-16,0.9073666724237259,0.7438579142824173,True,120,10
2016-12-23,0.9070068591192791,0.7444341666201316,True,120,10
2016-12-30,0.9140303895173456,0.7670892327473249,True,120,10
2017-01-06,0.9181659741145844,0.7889720485463529,True,120,11
2017-01-13,0.9183143012165544,0.7901948780859629,True,120,12
2017-01-20,0.9273291784247992,0.785935000320706,True,120,12
2017-01-27,0.9233842420584581,0.7770630734285012,True,120,13
2017-02-03,0.9234844711688751,0.7801894269168611,True,120,13
2017-02-10,0.9167294916756603,0.7694056912484522,True,120,12
2017-02-17,0.9169492187505593,0.7727892116763136,True,120,9
2017-02-24,0.9137005247771949,0.8149461589848914,True,120,13
2017-03-03,0.9105125546977606,0.7963074316656178,True,120,13
2017-03-10,0.903584361405538,0.8140206731294534,True,120,12
2017-03-17,0.8884542361829632,0.8375954301562729,True,120,10
2017-03-24,0.8819992791715636,0.8612984206673077,True,120,7
2017-03-31,0.853963520702571,0.8464595768934035,True,120,5
2017-04-07,0.8145835675428476,0.8071934912168914,True,120,5
2017-04-14,0.8243538644932046,0.7972297333725819,True,120,6
2017-04-21,0.8283786802216297,0.8116613978598602,True,120,6
2017-04-28,0.8424901860882704,0.8313260319542835,True,120,6
2017-05-05,0.832702002669424,0.8521216497503361,True,120,6
2017-05-12,0.8353831210872562,0.8461490546444607,True,120,7
2017-05-19,0.8412643012390633,0.8592198785715665,True,120,7
2017-05-26,0.8380583471656236,0.8607416944534741,True,120,7
2017-06-02,0.8391267964499654,0.8605419084782993,True,120,7
2017-06-09,0.8643946066290515,0.8824115777163153,True,120,7
2017-06-16,0.8373494051464585,0.8583912768520467,True,120,9
2017-06-23,0.8500162089181277,0.8520971591167662,True,120,8
2017-06-30,0.8603252084310506,0.8711563570640932,True,120,8
2017-07-07,0.844590233019213,0.8535155169818125,True,120,8
2017-07-14,0.8174991476070481,0.8942100754546058,True,120,5
2017-07-21,0.8286638862194629,0.8213921772225237,True,120,5
2017-07-28,0.83285880916647,0.8261901994666248,True,120,5
2017-08-04,0.8237023739509605,0.8007308295177147,True,120,5
2017-08-11,0.8295104596318437,0.7826213203640145,True,120,7
2017-08-18,0.8365828916633367,0.8006099691513561,True,120,8
2017-08-25,0.8280594277335764,0.8157554808315375,True,120,8
2017-09-01,0.8087425432276284,0.7889115768624557,True,120,7
2017-09-08,0.8045333193059893,0.8155545685803909,True,120,8
2017-09-15,0.7830928424428923,0.8320665122130083,True,120,7
2017-09-22,0.7992671811349709,0.8372510078189017,True,120,8
2017-09-29,0.8029166665329791,0.8737185518438715,True,120,8
2017-10-13,0.7860627148821651,0.8372639544134475,True,120,8
2017-10-20,0.7270800942818553,0.7647838531983147,True,120,9
2017-10-27,0.7291505866621955,0.7859440805944027,True,120,9
2017-11-03,0.7487100954049244,0.8277091071534877,True,120,9
2017-11-10,0.7861188033630173,0.8307880739778765,True,120,10
2017-11-17,0.8317865632395182,0.8644450932513877,True,120,12
2017-11-24,0.8830446548337091,0.9058747330297311,True,120,9
2017-12-01,0.8870303281702705,0.9177819658219407,True,120,11
2017-12-08,0.887608922110199,0.9423515523645337,True,120,12
2017-12-15,0.887977243816898,0.9250099227232196,True,120,13
2017-12-22,0.8827553067125082,0.9499999999967836,True,120,12
2017-12-29,0.8840578391275979,0.9499999999997971,True,120,12
2018-01-05,0.8833148363978454,0.9499999999997756,True,120,11
2018-01-12,0.8757697336091171,0.9499999999986899,True,120,10
2018-01-19,0.8800030435541926,0.9499999999998067,True,120,10
2018-01-26,0.878403889840681,0.9499999999998265,True,120,11
2018-02-02,0.8750496566173652,0.9363128410111621,True,120,12
2018-02-09,0.9159343720577654,0.9440005420363893,True,120,13
2018-02-16,0.9247048883564957,0.9499999999854507,True,120,13
2018-02-23,0.9290511564133463,0.9499999999995694,True,120,13
2018-03-02,0.931533582214622,0.9499999999995667,True,120,11
2018-03-09,0.9346935483490126,0.9499999999929654,True,120,12
2018-03-16,0.9366363009634532,0.9499999999996585,True,120,12
2018-03-23,0.9408392708852131,0.949999999999761,True,120,9
2018-03-30,0.9420440475296681,0.9499999999995792,True,120,10
2018-04-06,0.9391045253782215,0.9499999999993979,True,120,9
2018-04-13,0.9368358939825339,0.9499999999998576,True,120,12
2018-04-20,0.9352990221559605,0.9499999999995694,True,120,12
2018-04-27,0.9306263049850008,0.9499999999992979,True,120,10
2018-05-04,0.9304334315994967,0.9499999999997831,True,120,10
2018-05-11,0.9330253471958134,0.9499999999985079,True,120,10
2018-05-18,0.9273263515667125,0.9499999999971191,True,120,10
2018-05-25,0.9278566336393274,0.9499999999995915,True,120,9
2018-06-01,0.9102399622929208,0.9499999999994979,True,120,8
2018-06-08,0.9139141168809821,0.9499999999993887,True,120,8
2018-06-15,0.9166069678559455,0.9499999999996817,True,120,8
2018-06-22,0.9324877276389522,0.9499999999998673,True,120,9
2018-06-29,0.9340361390328362,0.9499999999998228,True,120,9
2018-07-06,0.9298207562964199,0.9499999999996979,True,120,10
2018-07-13,0.9314552999790808,0.9499999999998785,True,120,11
2018-07-20,0.930551328982784,0.9499999999997963,True,120,11
2018-07-27,0.9258017423386459,0.949999999999209,True,120,11
2018-08-03,0.9244251010663763,0.9457410471616806,True,120,10
2018-08-10,0.9342697646670566,0.9499999999995847,True,120,9
2018-08-17,0.9364852429774553,0.9499999999996939,True,120,11
2018-08-24,0.9386029981785703,0.9499999999998555,True,120,9
2018-08-31,0.9380781978410228,0.949999999999867,True,120,11
2018-09-07,0.9334425553200745,0.9499999999997489,True,120,11
2018-09-14,0.9320637922690311,0.949999999999363,True,120,10
2018-09-21,0.9380450748757273,0.9499999999998309,True,120,10
2018-09-28,0.9395710192622092,0.9499999999992194,True,120,10
2018-10-12,0.9557397624344909,0.9499999999974473,True,120,9
2018-10-19,0.9582958338974457,0.9499999999998996,True,120,9
2018-10-26,0.9637907497717555,0.9499999999998494,True,120,10
2018-11-02,0.9689810008759557,0.9499999999971896,True,120,10
2018-11-09,0.9669248426300343,0.9499999999998403,True,120,11
2018-11-16,0.9675213723220315,0.9499999999970994,True,120,10
2018-11-23,0.9659533625868886,0.9499999999997957,True,120,10
2018-11-30,0.9645734044502372,0.9499999999994043,True,120,10
2018-12-07,0.9666801268073919,0.9445940052399402,True,120,11
2018-12-14,0.9639144172965435,0.9397961919464375,True,120,11
2018-12-21,0.9605958820848882,0.9465694112009111,True,120,11
2018-12-28,0.9603054118412947,0.9413719421822597,True,120,11
2019-01-04,0.9610942752476921,0.9499999999996417,True,120,11
2019-01-11,0.9620840932899828,0.9499999999997977,True,120,10
2019-01-18,0.963340987990129,0.9499999999998145,True,120,10
2019-01-25,0.9566512654001361,0.949999999999442,True,120,9
2019-02-01,0.9543939527155408,0.9499999999997077,True,120,9
2019-02-15,0.955377575764934,0.9499999999997915,True,120,9
2019-02-22,0.9588885919013115,0.949999999999667,True,120,11
2019-03-01,0.9534338326127634,0.9499999999996684,True,120,8
2019-03-08,0.9491803700682223,0.9454337838369096,True,120,7
2019-03-15,0.9383500107961735,0.9499999999998575,True,120,9
2019-03-22,0.9387728870389431,0.9499999999997932,True,120,9
2019-03-29,0.9437628360135315,0.9499999999997599,True,120,9
2019-04-05,0.9435627371783324,0.9499999999992785,True,120,10
2019-04-12,0.9406796213032259,0.9499999999998486,True,120,10
2019-04-19,0.9361888710189691,0.9499999999997039,True,120,11
2019-04-26,0.9292593815537761,0.9272706519547571,True,120,10
2019-05-03,0.910477594030055,0.9403273718260634,True,120,9
2019-05-10,0.9345715145346772,0.9499999999998403,True,120,11
2019-05-17,0.9385528246611722,0.9499999999996063,True,120,12
2019-05-24,0.9403954874992441,0.9499999999942332,True,120,10
2019-05-31,0.9392630471023438,0.9499999999995977,True,120,11
2019-06-07,0.93785929218948,0.9499999999991409,True,120,13
2019-06-14,0.9424530404880666,0.9499999999995629,True,120,13
2019-06-21,0.943858627327494,0.9499999999994925,True,120,12
2019-06-28,0.9420059007393019,0.9499999999992057,True,120,12
2019-07-05,0.9450389994415925,0.9499999999502866,True,120,11
2019-07-12,0.9446222342215665,0.9499999999997872,True,120,10
2019-07-19,0.9383617487230722,0.9499999999993607,True,120,10
2019-07-26,0.934536861434365,0.9499999999998194,True,120,10
2019-08-02,0.9343033759031453,0.9499999999997968,True,120,10
2019-08-09,0.9324760684196447,0.9499999999996424,True,120,10
2019-08-16,0.9320633324248639,0.9499999999998097,True,120,10
2019-08-23,0.9316879582483168,0.9499999999998308,True,120,10
2019-08-30,0.9340585745071383,0.9499999999996736,True,120,10
2019-09-06,0.9366529993103605,0.9463109877514091,True,120,10
2019-09-13,0.9330108506032836,0.9421916751892256,True,120,9
2019-09-20,0.9310769165052515,0.9247690479893873,True,120,9
2019-09-27,0.9292866524432821,0.9344625637949164,True,120,10
2019-10-04,0.9313710554933023,0.9336758555087048,True,120,11
2019-10-11,0.931135977140588,0.9233001333146852,True,120,10
2019-10-18,0.9274231404364348,0.9013598700735217,True,120,10
2019-10-25,0.9270281885161087,0.8972646830748,True,120,10
2019-11-01,0.9281595118709449,0.9131828156654549,True,120,12
2019-11-08,0.922562713889579,0.915450082892562,True,120,12
2019-11-15,0.9230266218219444,0.9048828578063413,True,120,10
2019-11-22,0.9286012386963505,0.8950520930092879,True,120,11
2019-11-29,0.9242076648429752,0.92316471113474,True,120,12
2019-12-06,0.9226305478089922,0.9371961752016877,True,120,9
2019-12-13,0.9085818830830424,0.9136511872465283,True,120,12
2019-12-20,0.9052725262113788,0.8865704875967444,True,120,12
2019-12-27,0.8939823794805605,0.8651381104307558,True,120,13
2020-01-03,0.8936385910566946,0.8775705703005187,True,120,15
2020-01-10,0.8981567571257772,0.8879654407188734,True,120,14
2020-01-17,0.8944508869484799,0.9091549671534772,True,120,14
2020-01-24,0.9173613236154385,0.9499999999989053,True,120,16
2020-02-07,0.9469065785923922,0.9499999999998043,True,120,10
2020-02-14,0.9461626969461283,0.9499999999992976,True,120,10
2020-02-21,0.9470386467551255,0.9499999999997245,True,120,10
2020-02-28,0.9484792144187998,0.949999999997337,True,120,10
2020-03-06,0.947220139267309,0.9468455385906732,True,120,11
2020-03-13,0.9557891968652344,0.9499999999998462,True,120,11
2020-03-20,0.9556964420071885,0.9499999999937783,True,120,12
2020-03-27,0.9618081482128844,0.9499999999997311,True,120,13
2020-04-03,0.9617393425453393,0.9499999999998596,True,120,12
2020-04-10,0.9622078264149259,0.9499999999998239,True,120,12
2020-04-17,0.9587580374433229,0.9499999999997633,True,120,13
2020-04-24,0.9567498895646005,0.9499999999937373,True,120,12
2020-05-01,0.9541387223263733,0.9499999999998225,True,120,11
2020-05-08,0.9528535153515828,0.949999999999284,True,120,11
2020-05-15,0.9531072290213268,0.9499999999992758,True,120,11
2020-05-22,0.9500906206667767,0.949999999999845,True,120,12
2020-05-29,0.9521274863877034,0.94999999999978,True,120,12
2020-06-05,0.9495614456498433,0.949999999999522,True,120,12
2020-06-12,0.9499831842633484,0.9499999999998939,True,120,13
2020-06-19,0.9494354425698286,0.9499999999996709,True,120,14
2020-06-26,0.9426945758324448,0.9499999999998755,True,120,12
2020-07-03,0.9407457447047317,0.9499999999998211,True,120,14
2020-07-10,0.946048632886287,0.9499999999995763,True,120,13
2020-07-17,0.954608832649754,0.9095823500304752,True,120,11
2020-07-24,0.9573631472281144,0.9167218297215309,True,120,11
2020-07-31,0.9563855749451687,0.9289905401373976,True,120,13
2020-08-07,0.9477756072514325,0.9123477233023646,True,120,13
2020-08-14,0.9438085487928415,0.9196552437974839,True,120,10
2020-08-21,0.9378089153800645,0.9343009011020333,True,120,13
2020-08-28,0.9352632694688392,0.9476291971481637,True,120,12
2020-09-04,0.9311048020815273,0.94712507685669,True,120,14
2020-09-11,0.9374583326836969,0.9428838583147414,True,120,10
2020-09-18,0.9352572091927115,0.9499999999992426,True,120,10
2020-09-25,0.9389192592355964,0.949999999999628,True,120,9
2020-10-02,0.9368492704902672,0.9499999999992264,True,120,10
2020-10-09,0.9362871015795763,0.9499999999997992,True,120,11
2020-10-16,0.9382832037516924,0.9499999999995793,True,120,12
2020-10-23,0.9318747391018328,0.9499999999995679,True,120,12
2020-10-30,0.9356038369940493,0.9499999999995685,True,120,11
2020-11-06,0.9256233576449138,0.9499999999997579,True,120,13
2020-11-13,0.9251417428235775,0.9499999999964671,True,120,12
2020-11-20,0.9259805859747183,0.9499999999998157,True,120,12
2020-11-27,0.9285895354206792,0.949999999999899,True,120,11
2020-12-04,0.9264749754571998,0.9499999999861204,True,120,12
2020-12-11,0.926967694735297,0.9499999999998358,True,120,12
2020-12-18,0.9279697225312714,0.9499999999997941,True,120,12
2020-12-25,0.927770516432348,0.9499999999998011,True,120,12
2021-01-01,0.9270289388738326,0.949999999999861,True,120,14
2021-01-08,0.9171953943889142,0.9499999999998425,True,120,15
2021-01-15,0.9173762914199399,0.9499999999997842,True,120,14
2021-01-22,0.9135684102803956,0.9499999999981263,True,120,14
2021-01-29,0.9275643618858558,0.9499999999963525,True,120,13
2021-02-05,0.9224104769581869,0.949999999999678,True,120,11
2021-02-12,0.9260403921410418,0.9499999999998799,True,120,12
2021-02-19,0.9175299864404183,0.9499999999997328,True,120,9
2021-02-26,0.9314874188391247,0.9499999999972667,True,120,10
2021-03-05,0.9418688739543112,0.949999999998712,True,120,10
2021-03-12,0.945510997258436,0.949999999999173,True,120,12
2021-03-19,0.9515468015932689,0.9499999999998524,True,120,12
2021-03-26,0.9480427385431067,0.9499999999996586,True,120,11
2021-04-02,0.9489308383530547,0.9499999999983472,True,120,13
2021-04-09,0.9489615909929191,0.949999999999201,True,120,12
2021-04-16,0.949688038879471,0.949999999999793,True,120,12
2021-04-23,0.9513202005913264,0.9499999999996684,True,120,11
2021-04-30,0.9525998171471931,0.949999999999895,True,120,10
2021-05-07,0.9539084433015699,0.9499999999997483,True,120,12
2021-05-14,0.9499569315584311,0.9499999999998959,True,120,11
2021-05-21,0.946856009230378,0.9499999999996506,True,120,10
2021-05-28,0.9474570715619263,0.949999999999674,True,120,8
2021-06-04,0.9467649342666214,0.9499999999998633,True,120,8
2021-06-11,0.9412353324779333,0.9499999999998197,True,120,9
2021-06-18,0.93916585398468,0.9499999999998742,True,120,8
2021-06-25,0.9395854419070577,0.9499999999956579,True,120,8
2021-07-02,0.9429111584676322,0.9499999999989168,True,120,8
2021-07-09,0.9424126691373019,0.9499999999996922,True,120,10
2021-07-16,0.9448564601427403,0.9499999999998583,True,120,10
2021-07-23,0.9360005419986586,0.9499999999994464,True,120,10
2021-07-30,0.9527471771913392,0.9499999999992987,True,120,11
2021-08-06,0.9531952675563989,0.9499999999992341,True,120,12
2021-08-13,0.9486167667512161,0.9499999999993131,True,120,12
2021-08-20,0.9489098929258026,0.9499999999997253,True,120,12
2021-08-27,0.9401544491953598,0.9499999999990446,True,120,14
2021-09-03,0.9291066372104758,0.9499999999984071,True,120,12
2021-09-10,0.9258406053088527,0.9499999999995358,True,120,13
2021-09-17,0.9287825021162709,0.9499999999997328,True,120,13
2021-09-24,0.9268434224587504,0.9499999999997555,True,120,14
2021-10-01,0.9125504959605667,0.9499999999998836,True,120,13
2021-10-15,0.9113225428645295,0.9452095685109793,True,120,14
2021-10-22,0.9116058486236223,0.9471554498139216,True,120,14
2021-10-29,0.903680849948724,0.9322067697923216,True,120,14
2021-11-05,0.8873719762153865,0.8644320503366052,True,120,11
2021-11-12,0.8822130602490527,0.8592940510642519,True,120,12
2021-11-19,0.8815839818826937,0.8594689025824187,True,120,12
2021-11-26,0.8801574400750871,0.854436157332921,True,120,11
2021-12-03,0.8790215873102205,0.8539266761794848,True,120,12
2021-12-10,0.8933252421330248,0.8701762652386156,True,120,11
2021-12-17,0.8956644446372563,0.8947776627833459,True,120,13
2021-12-24,0.8998875330045385,0.9012124911206459,True,120,14
2021-12-31,0.899938460373005,0.8915088382782863,True,120,14
2022-01-07,0.8935264803994516,0.8924473466135384,True,120,14
2022-01-14,0.8978899465352123,0.914759823271577,True,120,13
2022-01-21,0.8911196635961982,0.945747560165341,True,120,13
2022-01-28,0.9011705455931197,0.9123263650693577,True,120,13
2022-02-11,0.8947839536558396,0.8804699721917919,True,120,11
2022-02-18,0.9008081553121892,0.8699031462000741,True,120,11
2022-02-25,0.9158338488752551,0.8884631150148227,True,120,12
2022-03-04,0.9026485774030983,0.8641618895476764,True,120,12
2022-03-11,0.9219668446401921,0.885120798322359,True,120,12
2022-03-18,0.9480409283937002,0.949999999999718,True,120,12
2022-03-25,0.9493587349566535,0.9499999999997567,True,120,12
2022-04-01,0.948414825303274,0.9499999999996647,True,120,10
2022-04-08,0.9496220114518891,0.9499999999995519,True,120,10
2022-04-15,0.95109307933523,0.9499999999993395,True,120,9
2022-04-22,0.9483595689259429,0.9499999999997013,True,120,8
2022-04-29,0.9512572079187416,0.8981481014583299,True,120,10
2022-05-06,0.9523281476379005,0.8991133771885675,True,120,10
2022-05-13,0.9540224450456034,0.9040976776222563,True,120,11
2022-05-20,0.9520779111460339,0.9228113327934359,True,120,11
2022-05-27,0.9522758251484003,0.9255686032517777,True,120,10
2022-06-03,0.9501792483191315,0.9216383461591257,True,120,12
2022-06-10,0.950795244225469,0.9278590510776269,True,120,12
2022-06-17,0.950877636685856,0.9301630959657178,True,120,11
2022-06-24,0.9478506398143006,0.9401977261379537,True,120,10
2022-07-01,0.9513692196992789,0.9336190955996829,True,120,11
2022-07-08,0.9108709029632599,0.7082249999998222,True,120,6
2022-07-15,0.9113387381610852,0.7082249999981453,True,120,9
2022-07-22,0.9096130307946395,0.7082249999998791,True,120,9
2022-07-29,0.9111045940389362,0.7082249999996982,True,120,7
2022-08-05,0.9115254119814782,0.7082249999995935,True,120,7
2022-08-12,0.909535907677613,0.708224999999864,True,120,9
2022-08-19,0.9080034772229639,0.7082249999998386,True,120,9
2022-08-26,0.9060824943424801,0.7082249999850123,True,120,9
2022-09-02,0.9066924130305716,0.7082249999998727,True,120,8
2022-09-09,0.8994589981541334,0.7082249999998923,True,120,7
2022-09-16,0.9035441630964574,0.7082249999997872,True,120,9
2022-09-23,0.9016514999323725,0.7082249999996308,True,120,9
2022-09-30,0.9067798110667156,0.708224999998149,True,120,9
2022-10-14,0.9462585632030989,0.8890979889301511,True,120,12
2022-10-21,0.9472985489717632,0.8808948769353173,True,120,12
2022-10-28,0.9434987052269781,0.8614566919678229,True,120,11
2022-11-04,0.9521078101153987,0.8538714910649822,True,120,12
2022-11-11,0.9511093820306155,0.907793890693182,True,120,13
2022-11-18,0.9504589706075685,0.9184303470179846,True,120,13
2022-11-25,0.9516683725507885,0.917245621639337,True,120,12
2022-12-02,0.9527752889775603,0.9190728041923839,True,120,11
2022-12-09,0.950381901609386,0.9022503873855483,True,120,11
2022-12-16,0.9489098116743819,0.8957020427150508,True,120,10
2022-12-23,0.9428592750322757,0.8775795822129271,True,120,11
2022-12-30,0.937407325988191,0.9203527954526943,True,120,10
2023-01-06,0.9058082149146935,0.6887999999997456,True,120,7
2023-01-13,0.9084174459470907,0.6887999999997068,True,120,7
2023-01-20,0.9043155474000648,0.68879999999923,True,120,8
2023-02-03,0.9044143378915352,0.6887999999996087,True,120,7
2023-02-10,0.9051840754143721,0.6887999999939707,True,120,7
2023-02-17,0.8955151345643234,0.6887999999997341,True,120,7
2023-02-24,0.8980427147359007,0.6887999999983825,True,120,7
2023-03-03,0.8991286811327045,0.6887999999998046,True,120,7
2023-03-10,0.9025254689039001,0.6887999999996464,True,120,8
2023-03-17,0.9043725141794012,0.6887999999997126,True,120,8
2023-03-24,0.8825483323423662,0.6887999999996878,True,120,9
2023-03-31,0.8752158103006963,0.6887999999998673,True,120,9
2023-04-07,0.8847827078317726,0.900114426210191,True,120,11
2023-04-14,0.8771397201263393,0.9005716549546662,True,120,10
2023-04-21,0.8870099449440321,0.90259215817952,True,120,12
2023-04-28,0.870322700163568,0.8873711221088963,True,120,10
2023-05-05,0.8607733008229533,0.9012405586872305,True,120,10
2023-05-12,0.8609493295343961,0.9047429489065784,True,120,10
2023-05-19,0.8692294772571063,0.9092106043554118,True,120,9
2023-05-26,0.8751008629551308,0.9083235908417677,True,120,9
2023-06-02,0.8857259629424654,0.9129381370896126,True,120,10
2023-06-09,0.8828455014328704,0.913488195710635,True,120,9
2023-06-16,0.884429558847076,0.8952571132210065,True,120,11
2023-06-23,0.8860719731302271,0.8916864237061206,True,120,13
2023-06-30,0.8935984159830808,0.9052475854709543,True,120,12
2023-07-07,0.8429769996687094,0.6710549999998303,True,120,9
2023-07-14,0.847155317033738,0.6710549999997835,True,120,11
2023-07-21,0.8367781568867173,0.6710549999998952,True,120,11
2023-07-28,0.8581019174796424,0.6710549999980632,True,120,10
2023-08-04,0.8563749375576134,0.6710549999998773,True,120,10
2023-08-11,0.8685780893046645,0.6710549999998151,True,120,10
2023-08-18,0.8751069980757832,0.67105499999968,True,120,10
2023-08-25,0.8859734413061774,0.6710549999983422,True,120,9
2023-09-01,0.8921268999669497,0.6710549999998543,True,120,9
2023-09-08,0.8940240581642733,0.6710549999961836,True,120,10
2023-09-15,0.8923246449095522,0.6710549999994443,True,120,10
2023-09-22,0.8973432772764965,0.6710549999998927,True,120,10
2023-09-29,0.8970963494511256,0.6710549999998321,True,120,10
2023-10-13,0.9065783494464804,0.8412260742143434,True,120,15
2023-10-20,0.9212373780413595,0.8821551128958004,True,120,14
2023-10-27,0.9261454974091429,0.8786404015797344,True,120,16
2023-11-03,0.9293333573005678,0.8900070355894147,True,120,17
2023-11-10,0.930254055090957,0.888733814602363,True,120,17
2023-11-17,0.9299872985292508,0.88990903251319,True,120,17
2023-11-24,0.9316084599886929,0.8955158442534766,True,120,17
2023-12-01,0.9214838425146682,0.8788768530681923,True,120,16
2023-12-08,0.9264159535060452,0.8966792186191531,True,120,13
2023-12-15,0.9208690924971494,0.9202098275872985,True,120,11
2023-12-22,0.9219924723249786,0.918495860215063,True,120,12
2023-12-29,0.9251996164721598,0.9019697242025458,True,120,13
2024-01-05,0.8910878464689743,0.6711599999994768,True,120,11
2024-01-12,0.8875731300656691,0.6711599999997314,True,120,10
2024-01-19,0.8965585313916974,0.6711599999997262,True,120,8
2024-01-26,0.9107280735321492,0.6711599999998947,True,120,11
2024-02-02,0.9112073378372638,0.6711599999996303,True,120,12
2024-02-09,0.8926677346482526,0.6711599999997979,True,120,6
2024-02-23,0.8844138030305597,0.6711599999945497,True,120,6
2024-03-01,0.8895987576542472,0.6711599999998055,True,120,6
2024-03-08,0.8857365890510819,0.6711599999998743,True,120,7
2024-03-15,0.8882156571219636,0.6711599999997141,True,120,8
2024-03-22,0.8792709983593643,0.6711599999998847,True,120,10
2024-03-29,0.8808858985706077,0.6711599999996153,True,120,9
2024-04-05,0.9250278235447518,0.9732449999996227,True,120,11
2024-04-12,0.9144355518760146,0.9606333092317518,True,120,11
2024-04-19,0.9014429199977113,0.971939370981137,True,120,10
2024-04-26,0.901211463255748,0.9732449999998203,True,120,10
2024-05-03,0.9030500579962466,0.9635418195988465,True,120,9
2024-05-10,0.8947712432425978,0.969350861739845,True,120,11
2024-05-17,0.8923030488159227,0.9615302442129987,True,120,11
2024-05-24,0.8892027230007458,0.9510863267560441,True,120,11
2024-05-31,0.8893242091791037,0.9449211666924346,True,120,12
2024-06-07,0.8822242942790963,0.945683689842739,True,120,11
2024-06-14,0.8812911036014799,0.9312926481438165,True,120,9
2024-06-21,0.8777259219945341,0.9018807049711579,True,120,11
2024-06-28,0.8810388456025722,0.9086354333956785,True,120,11
2024-07-05,0.8438468306150592,0.7049699999998625,True,120,11
2024-07-12,0.8557498059489207,0.704969999999789,True,120,11
2024-07-19,0.8529380534577214,0.7049699999998025,True,120,10
2024-07-26,0.8559992210031135,0.7049699999995748,True,120,8
2024-08-02,0.8601797001623743,0.7049699999997936,True,120,8
2024-08-09,0.8555853850773963,0.7049699999997845,True,120,9
2024-08-16,0.8551452180706381,0.704969999999641,True,120,9
2024-08-23,0.8520303404973522,0.7049699999998753,True,120,9
2024-08-30,0.846185732586165,0.7049699999995711,True,120,9
2024-09-06,0.8498418889218795,0.7049699999998817,True,120,9
2024-09-13,0.8441374188776312,0.704969999999749,True,120,9
2024-09-20,0.8414272838246153,0.704969999999785,True,120,8
2024-09-27,0.9076362131876323,0.704969999998133,True,120,9
2024-10-04,0.9668554856131684,0.9395876312038637,True,120,11
2024-10-11,0.9781795340552022,0.932443522529096,True,120,11
2024-10-18,0.9808971186933976,0.9471833048571742,True,120,11
2024-10-25,0.9782020460340806,0.9486127817120725,True,120,12
2024-11-01,0.9749837000400093,0.9377559544699604,True,120,12
2024-11-08,0.9738322860489925,0.9355162807011838,True,120,11
2024-11-15,0.9740007242884633,0.9307582513973983,True,120,11
2024-11-22,0.9754989655689007,0.9257785077349181,True,120,10
2024-11-29,0.9748431723177046,0.9307285360859803,True,120,10
2024-12-06,0.9737668325332022,0.9273122941312109,True,120,10
2024-12-13,0.9712027849949963,0.921782315003838,True,120,10
2024-12-20,0.9678954871150529,0.9150905647082466,True,120,10
2024-12-27,0.9675468448900284,0.917911843462115,True,120,9
2025-01-03,0.9206933155801973,0.6589799999996534,True,120,7
2025-01-10,0.9168619774088784,0.6589799999995691,True,120,7
2025-01-17,0.9166873228827159,0.6589799999998331,True,120,8
2025-01-24,0.9145099539729563,0.6589799999991867,True,120,8
2025-01-31,0.9048591294618165,0.6589799999995853,True,120,9
2025-02-07,0.9043005981806204,0.6589799999993444,True,120,7
2025-02-14,0.8975770732842883,0.6589799999997281,True,120,8
2025-02-21,0.8909589678474894,0.6589799999998796,True,120,9
2025-02-28,0.8935979508029571,0.6589799999964248,True,120,9
2025-03-07,0.8926919604970894,0.6589799999982501,True,120,9
2025-03-14,0.8962644560438591,0.658979999999194,True,120,9
2025-03-21,0.8976361301745306,0.6589799999997934,True,120,9
2025-03-28,0.8813363622251341,0.6589799999995954,True,120,9
2025-04-04,0.9045798227272588,0.9476249999988073,True,120,9
2025-04-11,0.9461765516928599,0.9476249999987484,True,120,9
2025-04-18,0.9406773233602926,0.9364946744584945,True,120,9
2025-04-25,0.9408999774421323,0.9342432850396171,True,120,9
2025-05-02,0.9387518571191941,0.9211737079421112,True,120,9
2025-05-09,0.9350181060054048,0.9192826854623978,True,120,9
2025-05-16,0.9344776514402308,0.9102989380508292,True,120,10
2025-05-23,0.9345212391756298,0.9075872065237742,True,120,10
2025-05-30,0.930460808312158,0.9012282736550203,True,120,10
2025-06-06,0.9287797484725853,0.9082116838733121,True,120,10
2025-06-13,0.9252584008447079,0.8856011463451215,True,120,11
2025-06-20,0.9208867880871848,0.8878654268184443,True,120,12
2025-06-27,0.9207039444789504,0.886863872518001,True,120,12
2025-07-04,0.9009475876144424,0.7048649999991642,True,120,8
2025-07-11,0.8957175029367602,0.7048649999998668,True,120,9
2025-07-18,0.8899673023503871,0.7048649999997683,True,120,8
2025-07-25,0.8823586937914931,0.7048649999998162,True,120,12
2025-08-01,0.8902816677318675,0.7048649999988815,True,120,12
2025-08-08,0.8819885962272035,0.7048649999996539,True,120,11
2025-08-15,0.8804647351830003,0.7048649999997496,True,120,10
2025-08-22,0.8587870382398267,0.7048649999994759,True,120,12
2025-08-29,0.8600184895100471,0.7048649999997171,True,120,11
2025-09-05,0.8877816698990347,0.7048649999997791,True,120,11
2025-09-12,0.8796047684162983,0.7048649999998836,True,120,13
2025-09-19,0.8816420839806876,0.7048649999998828,True,120,12
2025-09-26,0.8577953024004489,0.7048649999997965,True,120,14
2025-10-03,0.8675134111935322,0.8849299147754073,True,120,15
2025-10-10,0.8766645253874279,0.8727519855407695,True,120,13
2025-10-17,0.9018793595295923,0.9169538059973765,True,120,13
2025-10-24,0.9052845900031494,0.92162054790815,True,120,13
2025-10-31,0.9055068169312437,0.9221099999997859,True,120,13
2025-11-07,0.9050506631612116,0.9221099999997822,True,120,13
2025-11-14,0.8974330359444082,0.9221099999489996,True,120,13
2025-11-21,0.8908483778428483,0.9221099999998859,True,120,12
2025-11-28,0.8916540659232962,0.9221099999993134,True,120,11
2025-12-05,0.8704189971546994,0.9088728299162228,True,120,13
2025-12-12,0.8500651936324228,0.8843517405926488,True,120,13
2025-12-19,0.863223870089305,0.8737848187273891,True,120,14
2025-12-26,0.8577890760147011,0.8681396128375738,True,120,13
2026-01-02,0.8052314451199223,0.5371799999998833,True,120,8
2026-01-09,0.811157997536071,0.5371799999996157,True,120,8
2026-01-16,0.797989714588875,0.5371799999998847,True,120,7
2026-01-23,0.789197139546665,0.5371799999997867,True,120,9
2026-01-30,0.7922721839577798,0.537179999998724,True,120,9
2026-02-06,0.8091501716149159,0.5371799999998342,True,120,8
2026-02-13,0.8137715241404955,0.5371799999998805,True,120,9
2026-02-27,0.8194195982573317,0.5371799999986047,True,120,9
2026-03-06,0.8104091412880925,0.5371799999997665,True,120,9
2026-03-13,0.8000996082196772,0.5371799999987079,True,120,8
2026-03-20,0.8145422641013318,0.5371799999997966,True,120,9
2026-03-27,0.8484294633985029,0.5371799999994518,True,120,6
2026-04-03,0.8995081873511426,0.9203249999998373,True,120,11
2026-04-10,0.9118949431188289,0.9203249999997927,True,120,12
2026-04-17,0.9065603727733895,0.9203249999971956,True,120,11
2026-04-24,0.8877295097799177,0.9203249999997839,True,120,12
2026-05-01,0.8878880457947652,0.9203249999998866,True,120,13
2026-05-08,0.8761688920269265,0.9203249999985615,True,120,12
2026-05-15,0.8801182799095295,0.9203249999941585,True,120,12
2026-05-22,0.8854311626822123,0.9203249999998528,True,120,12
2026-05-29,0.8803893567713265,0.9203249999996784,True,120,13
2026-06-05,0.8602040619353035,0.9203249999993337,True,120,12
2026-06-12,0.874917142303244,0.9203249999998484,True,120,15
2026-06-19,0.8758377055806266,0.9203249999998824,True,120,13
2026-06-26,0.8756401671848824,0.9139477275325308,True,120,16
2026-07-03,0.8394184660729268,0.5946149999991228,True,120,9
2026-07-10,0.8194410562193777,0.5946149999998418,True,120,7
2026-07-17,0.8360122672696259,0.5946149999998707,True,120,8
2026-07-24,0.818641147783599,0.5946149999997188,True,120,7
2026-07-31,0.8353929081381333,0.5946149999998581,True,120,7
2026-08-07,0.8310402049394505,0.594614999997555,True,120,7
