,2022-03-31,2022-06-30,2022-09-30,2022-12-31,2023-03-31,2023-06-30,2023-09-30,2023-12-31,2024-03-31,2024-06-30,2024-09-30,2024-12-31,2025-03-31,2025-06-30,2025-09-30,2025-12-31,2026-03-31
w60_h0_a0_anchornone,0.02228476560257928,0.025321577684340808,0.021703691343230677,0.024145241484615818,0.024249923191948294,0.02162881146585086,0.024422427099313988,0.021980616001287333,0.027553755268205235,0.030056219235018257,0.020563166423529462,0.03020773920072343,0.018661861861836174,0.027386465762873156,0.02413964546661002,0.025159959716651806,0.025232945253202712
w60_h0_a0_anchor2.5,0.02228476560257928,0.0246580661210731,0.01924246096928545,0.023733475982087117,0.022418044061830015,0.02015814695599711,0.02204009396068678,0.018932768665910035,0.02684829816321367,0.02788639081934634,0.020408238595878633,0.025694307180894868,0.014645415349399452,0.021972673665331396,0.02136307842853853,0.018672335952821983,0.022197399565456178
w60_h0_a1e-07_anchornone,0.022284765515048398,0.02532532882613546,0.02170369134323069,0.024136526621916513,0.024246278895479513,0.021665036127098303,0.024422427099317343,0.021945756346240634,0.027553755269347117,0.030040700965453797,0.020561187286036352,0.030207739170346967,0.01866186186038178,0.027411747616682348,0.024144100109939524,0.025175287338784217,0.02523294525835448
w60_h0_a1e-07_anchor2.5,0.022284765515048398,0.02466181726286595,0.019242460969285467,0.023730089560890153,0.02241847688685269,0.020177411216174956,0.022040093960686773,0.018906803486213854,0.02684756753629181,0.027866524401410322,0.020406259457493883,0.025694307174528024,0.014645415350528506,0.02199502089769266,0.02132452986119809,0.018705545131323126,0.02220638688953473
w60_h0_a1e-06_anchornone,0.022284765323986714,0.025359085292395573,0.021703691343205614,0.024058093563352596,0.024213479838530887,0.02199260078423682,0.024422427099317346,0.0216961779360174,0.027553755236950646,0.029901039461911638,0.020543375038702745,0.030218775536652715,0.018661861094344843,0.027639280829134964,0.024239326540007277,0.025313235846529017,0.02523294513560387
w60_h0_a1e-06_anchor2.5,0.022284765323986714,0.02469557372912714,0.019242460969285457,0.023686918046909453,0.0224223731715917,0.020350789166775355,0.022040093960686777,0.01866451891188285,0.026840985934999124,0.02768772627226842,0.020388447222880902,0.025718360875200276,0.014645415239916701,0.022285291692348268,0.02098904930897073,0.0190044239042033,0.02225913553727586
w60_h0_a1e-05_anchornone,0.02228476538982314,0.025807722873282014,0.021703691343230667,0.024065637630198165,0.023967304438446316,0.02397757438656132,0.024422427090446272,0.02166543793968411,0.026953344947360677,0.02850499948835817,0.02052139769481911,0.03084240852310868,0.018471489664723624,0.026836267238016267,0.02504373644283556,0.02442291161006408,0.024459177930789205
w60_h0_a1e-05_anchor2.5,0.02228476538982314,0.02515086222046522,0.019242460969181405,0.023477147928930003,0.022484041115310032,0.02206937646558664,0.02204009395880886,0.019240171914606675,0.02661187302766874,0.026037805343596676,0.0202103247752507,0.02621965045944578,0.014016980313127474,0.024500730339951957,0.021777152026424055,0.018359008246234505,0.022195702984088503
w60_h20_a0_anchornone,0.0254125335481119,0.023596663617135017,0.02077073572818729,0.024255759668934774,0.025388869959424732,0.01934438530766044,0.02533001372922293,0.022393743913764273,0.026900922298989494,0.029921687160613625,0.022559212565091438,0.03236981471956123,0.0180713692115299,0.026074119621113202,0.025352099627942257,0.02968245563422537,0.025782330054234623
w60_h20_a0_anchor2.5,0.0254125335481119,0.023054478006785943,0.01890601921927447,0.022546626008483242,0.023835421348250382,0.019131858376624355,0.022860482255031404,0.020246925072607096,0.025723045383506626,0.02563255677979109,0.019496217805638337,0.027451821235620566,0.014459032949838494,0.02639791355794957,0.022379780640378197,0.02244428865979787,0.024685986646300527
w60_h20_a1e-07_anchornone,0.025412533548075843,0.023624897484177624,0.02077073572818331,0.024243628880776445,0.02537682128839851,0.019375393075218565,0.025330013729222944,0.022365260025963965,0.026900922303893057,0.02991606761246081,0.02256195922461576,0.032378948996543186,0.018071369211605615,0.02609018327715861,0.02531452972227529,0.029663544356643593,0.025782330054894883
w60_h20_a1e-07_anchor2.5,0.025412533548075843,0.023082711873824657,0.01890601921927447,0.022541796391848452,0.023835421370123067,0.019162079299715928,0.022860482255092723,0.020269424971404333,0.025715197476540344,0.025601449270166565,0.01949436494295009,0.027454226531634974,0.01445903294989786,0.026386775358267604,0.02237978044430673,0.02246221021691865,0.02469398794624168
w60_h20_a1e-06_anchornone,0.025412533516667116,0.023879003954775505,0.02077073572818239,0.024134451972675837,0.02526838447205128,0.019654463735942675,0.025330013729227212,0.021955869567796434,0.02690092234942659,0.029865492429517023,0.022586671231924187,0.03246116063658285,0.018071369211752578,0.026288711266972808,0.0250507286871941,0.029493342665005265,0.02578233006171782
w60_h20_a1e-06_anchor2.5,0.025412533516667116,0.023336818344425157,0.01890601921927447,0.022509676761960508,0.023835421113051987,0.019434067378398246,0.022860482255031397,0.020356805531784393,0.025644566207345173,0.025321481465908024,0.019477689306185198,0.02747587463279877,0.014459032949914678,0.026181102621576222,0.022193425010056698,0.0226174573646528,0.024765999517607426
w60_h20_a1e-05_anchornone,0.025453050542397646,0.025837361054264988,0.020770735728180223,0.023327536844305555,0.024580174354436376,0.020765849210728528,0.025330013639769736,0.020575599833417547,0.026233198736399135,0.030711685567467843,0.022833801370850084,0.03297645756591207,0.01806322481135843,0.02595573650744614,0.025969305572437467,0.028271895156172747,0.025480311475662116
w60_h20_a1e-05_anchor2.5,0.025453050542397646,0.02529517544392239,0.018906019219500338,0.02264337354456312,0.02300168026424348,0.020867924503632937,0.02286048236489033,0.019909652255955018,0.02536221183338606,0.025277912974174678,0.01958580062376651,0.027486351178513686,0.01394697641226834,0.0241133155175925,0.021668578679228914,0.022488776705336763,0.0248429649592008
w60_h40_a0_anchornone,0.023206193086903255,0.024438972065199682,0.021162138585696412,0.024539271462110712,0.025090778064875408,0.020236557994249324,0.025048714342193173,0.022163034886645883,0.027517604888491812,0.02916127716956463,0.021414339655999735,0.03145024905125629,0.01854756626211877,0.027234098793871276,0.024180469130224612,0.02749209104380893,0.025484517632232872
w60_h40_a0_anchor2.5,0.023206193086903255,0.023940949299780537,0.01908881800857427,0.02351207051156693,0.023437869212789866,0.0201281294930334,0.022666320954991447,0.019459113134366848,0.026776670473039874,0.02706863499281003,0.020484075864247005,0.026784338164393972,0.01454316666665204,0.024712350298549048,0.02174157977010498,0.02095664944575907,0.02420218659688546
w60_h40_a1e-07_anchornone,0.023206193086955672,0.024442911622799567,0.02116213858570046,0.024528729753380447,0.025077218082092716,0.020255923372443703,0.025048714342193173,0.022125370994663416,0.02751760492498017,0.02914040247907517,0.0214160337551,0.03145927489713759,0.018547566263147505,0.027256257643508704,0.02415519326660973,0.027476067795727668,0.02548451763230031
w60_h40_a1e-07_anchor2.5,0.023206193086955672,0.02394488885738044,0.019088818008574277,0.023511627679342773,0.02342357955203865,0.020153391957678946,0.022666320954953093,0.01944003476759708,0.02677353520719363,0.027047192667775603,0.020482228696577363,0.02678627475037445,0.014543166666660352,0.024705713814682218,0.021711281207145685,0.020955292373695197,0.024206878366739865
w60_h40_a1e-06_anchornone,0.023206193087208105,0.02447836684418271,0.021162138585700447,0.024433854517217562,0.024955179360759864,0.020430211966438516,0.025048714342193155,0.021852840062411692,0.027517605392634183,0.02895253073194621,0.021431288505356885,0.031540508444496386,0.018547566491878865,0.02748624441812447,0.024200129666119213,0.027584971985835184,0.02548451766923831
w60_h40_a1e-06_anchor2.5,0.023206193087208105,0.023980344078785333,0.019088818008574263,0.02350418571637297,0.023293765821487917,0.02034036968588668,0.022666320954956253,0.019268331464216987,0.026745317358738346,0.026814438435042266,0.020465604319296407,0.026803704097914886,0.01454316666665414,0.02466239560843484,0.021438595314214083,0.020941565898556256,0.024249104224113204
w60_h40_a1e-05_anchornone,0.023206193209316116,0.026084201182857553,0.02116213858569642,0.0237580547324942,0.024548990932495872,0.022459377895991197,0.025048714342207175,0.02118842369770576,0.02683849222150882,0.02892463876480278,0.021583819844560644,0.03220108087002189,0.018346139505451442,0.026834161090133937,0.02583889709769242,0.026579335023262343,0.02512996010742346
w60_h40_a1e-05_anchor2.5,0.023206193209316116,0.025586178417438425,0.01908881800676656,0.02325448196332912,0.022712197254063222,0.021293673197576704,0.022666320954816344,0.019214257297757425,0.026455038089926993,0.02453439512239682,0.020299360635399496,0.027021146590671327,0.013972913738225737,0.024047874434224892,0.02196776807124092,0.020464019663244067,0.024442309201109163
w60_h80_a0_anchornone,0.022670453566675335,0.02495684086283016,0.021416079535283086,0.02444260927658855,0.024608661494828557,0.020671995171910387,0.024872070733014746,0.022193416885290307,0.027642575021196623,0.02945476872941705,0.02084978397654314,0.030814943054315213,0.01864027522063621,0.027359766614183118,0.02391064541522109,0.026563850038931525,0.02535092741403894
w60_h80_a0_anchor2.5,0.022670453566675335,0.024420087972625768,0.01914082293397572,0.023780182147828052,0.022975414559721928,0.020132296516502515,0.02236762426733685,0.019451706332707465,0.026832811380485842,0.02753183025332103,0.020480631873229183,0.026357086676060588,0.014603594371652066,0.023578867035499988,0.0214645935618345,0.019826915036264926,0.023209737140751804
w60_h80_a1e-07_anchornone,0.02267045352948053,0.024959109619291382,0.02141607953528318,0.02443307581761968,0.02459779461897235,0.02071723215671415,0.024872070733017206,0.02217150710983344,0.02764257502089804,0.02943688395472631,0.020850956244437897,0.03082287917965718,0.018640275221423665,0.027387281009021647,0.02392595096426515,0.026558994500307978,0.025350927415813806
w60_h80_a1e-07_anchor2.5,0.02267045352948053,0.024422356729086967,0.01914082293397571,0.023779236195874204,0.022960707249685814,0.020151902130106633,0.022367624267336846,0.019446798278438353,0.026830949574208587,0.027511049619721912,0.02047874211212532,0.02635886152469279,0.014603594218557888,0.02357431659749234,0.02142878394610315,0.019826464646273436,0.023214720983680666
w60_h80_a1e-06_anchornone,0.02267045353816202,0.024979998751651206,0.02141607953528327,0.024347274767055137,0.02459700085096966,0.021103489260193713,0.024872070733017195,0.02186875576499141,0.02764257479219756,0.029275921304998738,0.02086150403112009,0.030894304884138964,0.018640275229319193,0.027634897190664195,0.024063701172850283,0.026515294314748035,0.025350927386782487
w60_h80_a1e-06_anchor2.5,0.02267045353816202,0.02444324586144681,0.01914082293397571,0.023770723070841875,0.02282834208602785,0.020321811499003053,0.022367624267336853,0.019323316784092937,0.026814208611799298,0.027324023875217776,0.02046173401292249,0.026374836071934284,0.014603594375383984,0.02347047055644377,0.021124456073001785,0.020014945043869567,0.023259575758747916
w60_h80_a1e-05_anchornone,0.02267045339245709,0.025918752493642016,0.021416079535324886,0.024037503091533078,0.02437034773315718,0.023270306393194697,0.024872070733644818,0.021670577261432525,0.026882441645792877,0.027943312593534015,0.020967009771080774,0.03152342198397014,0.01840516504057281,0.02690287297385755,0.02560041550940002,0.02556255960781877,0.024852469688000516
w60_h80_a1e-05_anchor2.5,0.02267045339245709,0.025381999603437618,0.019140822933966108,0.02341866820393076,0.02269722605278875,0.021670759103170432,0.022367624267118004,0.019490744336149897,0.026544005189815777,0.025385488888602568,0.020291652680274618,0.026627977110547065,0.013957681480640005,0.024378301961267904,0.021899292072304993,0.019388049519113833,0.0233153173898903
w90_h0_a0_anchornone,0.020289999999988876,0.025119362863683072,0.021337024495546395,0.024150161255671043,0.023474426447658785,0.025880204489284055,0.02160217755174373,0.020357254820952294,0.025481308908226717,0.028537274856070948,0.022805614778255778,0.030363315471191248,0.021291482420882697,0.022880414751196693,0.02463105079593442,0.024168323678172957,0.02302422362304126
w90_h0_a0_anchor2.5,0.020289999999988876,0.024357037599170916,0.020825396649517196,0.023571658852090973,0.023256852044780327,0.02466786405887921,0.019199954515804054,0.018637389549454656,0.02446806191766081,0.027196019554699063,0.02106948121446319,0.024414893808008143,0.02158935699933735,0.019770241654700635,0.024224513248047957,0.020864197716512285,0.021181194119396816
w90_h0_a1e-07_anchornone,0.020289999999989893,0.02511596917445352,0.02133702449554781,0.024140629692737156,0.023472869287492867,0.025910583285526624,0.02160217755174314,0.020340494970554228,0.02548513986803797,0.028513073531156577,0.022794515117134602,0.030371130135777087,0.021291482418847072,0.022900735898063296,0.024622943306571443,0.02417257676857375,0.02301733027448203
w90_h0_a1e-07_anchor2.5,0.020289999999989893,0.024353643909941363,0.02082539664951719,0.023561267321116294,0.023255024631216255,0.02469395088471872,0.01919995451580405,0.018626746757374132,0.024468964069882856,0.02717763379080288,0.021058584469882815,0.024423338009282848,0.021591480545696314,0.01979322357823651,0.0242167856835377,0.020871723375601163,0.021166920681104342
w90_h0_a1e-06_anchornone,0.02028999999999156,0.02508542589226644,0.021337024495547807,0.024054848277709026,0.023458854992649547,0.026149070611580973,0.02160217755174383,0.02019046376521697,0.02551962001628554,0.028295272917480005,0.02269462844241652,0.030441461748843403,0.021291482330018884,0.023083627504172456,0.02454997591332549,0.024210854737650642,0.022955290045842694
w90_h0_a1e-06_anchor2.5,0.02028999999999156,0.02432310062775429,0.020825396649516457,0.02346774235911785,0.023238579265110318,0.024871528988834952,0.01919995451580406,0.01850683270854759,0.024477083772087974,0.02701216086668626,0.020960513662303115,0.02449933556314031,0.021610595875852835,0.020000059666147884,0.024128473219626335,0.020939454029092096,0.021038459747638277
w90_h0_a1e-05_anchornone,0.020253216925023722,0.026191738992023986,0.02133702449554636,0.024084761072058113,0.023336118011002473,0.026315842851656814,0.02160217757477108,0.019526678390131554,0.025382329700718177,0.02687234029221037,0.022114134363089184,0.030962619742902615,0.02136013674707928,0.02490130095260007,0.02313651286456636,0.023969605924744345,0.02424090677164363
w90_h0_a1e-05_anchor2.5,0.020253216925023722,0.025429413727511826,0.0208253966495172,0.022291997979952325,0.02310887091356314,0.025463208989036486,0.01919995451462193,0.018022861752807526,0.02468683680214147,0.025644265879120175,0.020407988398562348,0.025161604117541973,0.021744487089571673,0.022188825673156123,0.02273435495853553,0.020792503710943218,0.020652224617355195
w90_h20_a0_anchornone,0.0241311744723706,0.0235076805614108,0.01991969267582907,0.024064703245724354,0.024632153522442236,0.019546290093352934,0.02540391800786896,0.021613547840057163,0.0259374995953544,0.02913269318491193,0.022292166410285367,0.03314139969944009,0.017189190985959106,0.02662392558872879,0.026889651069647344,0.028575720354230765,0.024999100590430093
w90_h20_a0_anchor2.5,0.0241311744723706,0.02312402643222974,0.019563272649355982,0.02276788231155652,0.023629943697229573,0.019316303351947006,0.022304694537159653,0.019570930534239847,0.025047742730174686,0.02512366380080233,0.019706273642684593,0.026366991743313493,0.015122236145078478,0.023642113447870882,0.022810812478978235,0.022020765096879374,0.024306307656752173
w90_h20_a1e-07_anchornone,0.024131174472353516,0.02351400240880645,0.019919692675828417,0.024053474499956474,0.024620866992980803,0.019570585430145393,0.02540391800786896,0.021578615516773102,0.025937498994548395,0.02912756729418846,0.022293492498153638,0.03315046548591439,0.017189190671079487,0.026648048244141596,0.026887023005681198,0.02855954968773313,0.024999100590723796
w90_h20_a1e-07_anchor2.5,0.024131174472353516,0.023130348277186002,0.01956327264935598,0.022766312850969504,0.023622856144210495,0.019336796265786122,0.022304694537166606,0.019574231343986222,0.025042308467274076,0.025102245975287207,0.01970798167761878,0.02637748556118282,0.015122236150037936,0.023674769970953094,0.022785287219913474,0.02203508848397154,0.02431589380643259
w90_h20_a1e-06_anchornone,0.024131174472266568,0.023574510706235847,0.01991969267582628,0.023944699991576,0.02451928822984238,0.01972106474123165,0.02540391800786907,0.02126423404198115,0.025937498075394253,0.02908143157572944,0.022305406855053358,0.03323205749792721,0.017189190728775283,0.026844750770225793,0.026863371967093104,0.02841401424705001,0.024999100588752196
w90_h20_a1e-06_anchor2.5,0.024131174472266568,0.0231908565746149,0.019563272649355975,0.022751363983872803,0.02355906689305464,0.01952808906388638,0.022304694537166613,0.019562441648166107,0.02499340049802351,0.024909484909419702,0.019723335144193457,0.02647193027406494,0.015104875687573875,0.023977636060747255,0.02276653360115055,0.02216399988683296,0.024402169520131554
w90_h20_a1e-05_anchornone,0.024145241015203225,0.025639884128706502,0.01991969267582843,0.023204920509233815,0.023792593623885586,0.021591845137483096,0.025403918159609677,0.02019126054891222,0.02558807968507809,0.029781240517819607,0.02206023010011501,0.03381305724254653,0.017208952838199527,0.02679421015716719,0.02619544538027502,0.027958941100172455,0.025696777125373597
w90_h20_a1e-05_anchor2.5,0.024145241015203225,0.025256229997086675,0.019563272649355985,0.02248258411934664,0.0228804094440961,0.020492873394209292,0.0223046945366276,0.019037513859371257,0.024764305084548868,0.024840729027439595,0.019490845050243188,0.027127981785177793,0.0146776921227192,0.025529624501970084,0.02208210908120935,0.022431885124664583,0.024350446969915132
w90_h40_a0_anchornone,0.021340657367579938,0.024219546800486522,0.020506595695771637,0.02430662204786422,0.023586289368214053,0.02280571562161947,0.02452454383679589,0.020240128229465738,0.026213863435459457,0.028991073881238193,0.021912210874395394,0.03214034435003654,0.017345181921211168,0.024471121898395513,0.026732930380664398,0.02618389230951966,0.02384428475337218
w90_h40_a0_anchor2.5,0.021340657367579938,0.023708645624001448,0.019861034829285047,0.023744313600052,0.02285883098732079,0.02162946529451038,0.020645251594780582,0.018216391172626193,0.025360653963929485,0.026501046817461793,0.020102000888739775,0.024883850715963444,0.016173904679950238,0.021430542321757874,0.02404120436698585,0.021021874133550424,0.022896020998033163
w90_h40_a1e-07_anchornone,0.021340657367561647,0.024220953330733763,0.020506595695771023,0.02429543538477129,0.02358319081814736,0.022841182162273013,0.024524543836795372,0.02020032085825864,0.026213863437640435,0.028966916999597487,0.021910204680798198,0.03214772672348037,0.01734518191970234,0.024479626951215566,0.026735741687684465,0.026180151589561138,0.023844284152373448
w90_h40_a1e-07_anchor2.5,0.021340657367561647,0.02371005215425459,0.019861034829285047,0.023740305204309482,0.022855214553172614,0.02166357773590042,0.02064525159478058,0.018177220840089554,0.02535881595587493,0.02648474804712326,0.02009999858462391,0.02489426489920976,0.01616929833608249,0.021452387140588745,0.024029055316930305,0.02103342910229995,0.022901163238455712
w90_h40_a1e-06_anchornone,0.021340657387639846,0.024233611644170164,0.02050659569577179,0.02419475323419895,0.023555303859962882,0.023159290939108637,0.024524543836794994,0.01984233407506863,0.026213863921905174,0.02874950037709239,0.021892158552764166,0.03221417370691094,0.017345181740484085,0.024583546049843426,0.026761042080323795,0.02614648383291149,0.02378114456048395
w90_h40_a1e-06_anchor2.5,0.021340657387639846,0.02372271046768882,0.019861034829285043,0.02370422911914519,0.02282266671582096,0.02192290013279784,0.0206452515947842,0.017843308362197267,0.02534227393354341,0.02633365257999316,0.02008197902365737,0.024987992771954595,0.016195635246093232,0.021645636961424863,0.023936689307214983,0.021137424027505174,0.022947445613918524
w90_h40_a1e-05_anchornone,0.021340657659203573,0.025159569692671177,0.02050659569577161,0.023748907385910813,0.023220826236750633,0.024374260944288923,0.024524543836708882,0.020008975916092114,0.026005779699185168,0.027560058137256545,0.02171170410769465,0.03287864604489924,0.01734315541114669,0.026912637678673735,0.026128692953914352,0.025823292323284123,0.02455000172985057
w90_h40_a1e-05_anchor2.5,0.021340657659203573,0.024704787260281143,0.019861034829285036,0.023070823102906163,0.022567193177948554,0.0235086479533611,0.020645251594011253,0.01840938627671035,0.025349838590764572,0.025316444155878238,0.019901771475573985,0.025786665409206266,0.016486073179547138,0.024385303129274914,0.023522176483947728,0.021053927811931612,0.023051327892544646
w90_h80_a0_anchornone,0.020443950249980237,0.024605438585150182,0.020896106059466756,0.02429478236459049,0.02315785983438144,0.0247104696299507,0.02295325128551142,0.01968699620869305,0.025983452970076162,0.028767453116822456,0.022121946199987412,0.03132037856619394,0.018720067940089583,0.023691151292999466,0.025638195525305774,0.025061773757249436,0.0232832291664896
w90_h80_a0_anchor2.5,0.020443950249980237,0.024120212708230792,0.02040695969006566,0.023790376771624464,0.022840287630765753,0.0232539710118428,0.01981555011111151,0.017979263371540762,0.025076456754877872,0.02691269244272367,0.02049204728240234,0.024743293041318882,0.01852982427657655,0.02046387590394882,0.024677781525190727,0.02092180723703485,0.022086306473832248
w90_h80_a1e-07_anchornone,0.02044395024983187,0.024604896172643186,0.02089610605946673,0.024285631881359033,0.023156692667009978,0.024744671358722582,0.02295325128550733,0.019645277499783433,0.025983452975351196,0.028744371626370235,0.02211148281852003,0.031327283021188736,0.01872006878843524,0.023716164955692107,0.025629121799582464,0.025069337931669326,0.0232730634507018
w90_h80_a1e-07_anchor2.5,0.02044395024983187,0.024119670295723778,0.02040695969009468,0.02378135663290889,0.02283866716149201,0.02328383128834285,0.019815550111111517,0.017940372860679222,0.025076093092542696,0.026896081468274803,0.020481625247326597,0.024752478050143998,0.018532542304681963,0.020495524806285147,0.02466883035023447,0.020932952817549543,0.022101953121093063
w90_h80_a1e-06_anchornone,0.020443950246765884,0.02460001447863495,0.020896106059466735,0.024203277764945238,0.02314618814846435,0.025002658980607006,0.02295325128551148,0.01930100629329974,0.025993725179169737,0.02853663936601152,0.02201731326013741,0.031389421909641564,0.01872006835284291,0.023941278971809355,0.025556589109663606,0.025137415564291388,0.023181571663536696
w90_h80_a1e-06_anchor2.5,0.020443950246765884,0.024114788601715544,0.020406959690096746,0.023691255787992117,0.022824082330258434,0.023543091662998943,0.019815550111097646,0.017590359396870314,0.02507282032592715,0.02674658257400033,0.020387846093732013,0.024835138456027115,0.018557008877691912,0.020765730550072487,0.024588270073052063,0.021033262900303593,0.022197686006022323
w90_h80_a1e-05_anchornone,0.020443950234519215,0.025432706950326192,0.02089610605946675,0.023991790482721546,0.023119080720809718,0.025574859029031043,0.022953251285751687,0.019979208741726154,0.025813565797791527,0.027246647358016674,0.021808057714817093,0.032010821798304015,0.01881632641413163,0.02591088655296952,0.024810875455002775,0.02476991286917479,0.02406003327113339
w90_h80_a1e-05_anchor2.5,0.020443950234519215,0.024947481063105306,0.020406959690094525,0.022841453746571337,0.022763100437930554,0.024582784263659837,0.019815550183709268,0.01827286562725241,0.025200080084037475,0.025564804679522,0.020185287597316342,0.02554930922590427,0.018801674666730564,0.023080184873194305,0.02364409487219461,0.020721898903537858,0.02209806954605833
w120_h0_a0_anchornone,0.020289999999981836,0.02231721400894859,0.02305605796388881,0.02474619484644843,0.022273413945342168,0.02604373792206526,0.022260106792951793,0.017535449981971474,0.02686466278282163,0.03321020863905948,0.025465028794582966,0.028768185827302884,0.025028260608328617,0.019489934410409845,0.02388989893905531,0.023287510713566256,0.024530782183265525
w120_h0_a0_anchor2.5,0.020289999999981836,0.021698087698135454,0.02299799897387849,0.02449913641939682,0.022130858815081478,0.025178927235774785,0.022241500398950217,0.01658033192186067,0.024925144502434524,0.030234300628220027,0.02317975110238892,0.024873840927935497,0.02148826117834177,0.017282166474721004,0.023543231846105798,0.020737306335646168,0.02180773998531536
w120_h0_a1e-07_anchornone,0.020284616182644277,0.02231272111279549,0.023056057963854865,0.024726340955225787,0.02229082985031668,0.026070268304373454,0.022260106792940396,0.01754186130213865,0.026864663195029337,0.03320073051149032,0.025457374003828085,0.028773700595506126,0.025028260611494765,0.01950052653969774,0.023876786203077868,0.02328542735209528,0.024530783004871052
w120_h0_a1e-07_anchor2.5,0.020284616182644277,0.021693594801988795,0.022997998973883684,0.024480052750529724,0.022147961835564188,0.025203941951214486,0.022241500398984034,0.016586383807745003,0.02491341084571503,0.030236046338093604,0.023177558988608505,0.024882028403037635,0.02148826093791103,0.017297624200533143,0.023530101458245897,0.020737607256270867,0.021818971421913684
w120_h0_a1e-06_anchornone,0.02021326745987175,0.022272285127407813,0.02305605796386002,0.02454765668011981,0.022447576387255173,0.02625597409212242,0.022260106792948337,0.017599563717906982,0.02684362650701388,0.033044426987703886,0.025388481192519692,0.02882333308956542,0.025028260611645693,0.019595856099809652,0.023758771441203842,0.02326667704968638,0.024530782032609943
w120_h0_a1e-06_anchor2.5,0.02021326745987175,0.021653158816601126,0.022997998973883674,0.02430829930042547,0.022301888210081906,0.025395681859741847,0.02224150039898257,0.0166408564956574,0.024860571836366537,0.03021528061288216,0.023157829315191027,0.024955715656597908,0.021488261783230503,0.01742116279209768,0.023411927799079493,0.020740319241927964,0.021920052630586294
w120_h0_a1e-05_anchornone,0.020742901211547083,0.022204970079928055,0.02305605796385489,0.024828651955868707,0.02220876957071956,0.02647249792400029,0.022260106792688097,0.0175611424364731,0.026498066563132857,0.031259653149229655,0.024699548950558193,0.0293177785339652,0.025476312319577147,0.021136284100606802,0.02192269613203272,0.023185511284902018,0.02252785388184751
w120_h0_a1e-05_anchor2.5,0.020742901211547083,0.021585843769121982,0.022997998973883674,0.024501054207920148,0.022155481541226082,0.025944272475980586,0.02224150039917599,0.016181715668060148,0.02502170973314359,0.029286183751948178,0.022488918254726552,0.025646284010307684,0.022097165332849625,0.019429223154537528,0.0216274901634442,0.020798506877348258,0.020845009831430054
w120_h20_a0_anchornone,0.02398518494849915,0.022960092922609712,0.020168715333154105,0.024109942287788674,0.024274103658278957,0.019663624579468297,0.024260273315666856,0.021303629540473375,0.026202147560186118,0.02989830683527563,0.02287166009617405,0.0328444735150049,0.01771350141549401,0.025943387441386585,0.026297120347723166,0.028216608778084764,0.024917021520340078
w120_h20_a0_anchor2.5,0.02398518494849915,0.02260537975350489,0.02015566295718413,0.023096422028946698,0.023394089867054383,0.019405134311380922,0.021702593781560735,0.01945557327476042,0.025002046670120424,0.02579925278129913,0.020188660711215094,0.0265717355750391,0.01538906250648608,0.02340487960488903,0.022619844399013107,0.021980432227285147,0.024362272493283585
w120_h20_a1e-07_anchornone,0.0239851851621946,0.02296486885794594,0.020168715333168805,0.024098976034737877,0.024264583722987867,0.019685575587430434,0.02426027331566686,0.021277574313003877,0.0262021475675751,0.029876622327259145,0.022872792135409565,0.03285358970048179,0.017713501416028628,0.025942969281323412,0.026312042266636467,0.028198202800158573,0.024917021486269324
w120_h20_a1e-07_anchor2.5,0.0239851851621946,0.022610155688841112,0.020155662957184118,0.023092258730112336,0.02338802544418313,0.01942615504245105,0.02170259378156074,0.01946430941964267,0.024996890334980062,0.02578317553994038,0.02019017760908551,0.026578281472048097,0.015389062501751297,0.02340440108853916,0.022617482172920148,0.021994574796953683,0.024371325603864905
w120_h20_a1e-06_anchornone,0.023985185161368976,0.023006234819580883,0.02016871533316882,0.024000279836895066,0.024161554189618708,0.019848333321479204,0.024260273315666863,0.021003507672149754,0.02620214882102427,0.029681458228211055,0.022882981809582283,0.03293563544451605,0.01771350141758672,0.026036959534894745,0.026446340325847136,0.0280399237223468,0.024917021701955262
w120_h20_a1e-06_anchor2.5,0.023985185161368976,0.02265152165047606,0.02015566295718411,0.023054788293257286,0.023333576300940313,0.0196153417406502,0.021702593781560735,0.019458896920652318,0.024950483296362787,0.02563847485101566,0.02020382909674395,0.02663719244644434,0.015389062408961544,0.023656511631991218,0.022596215994594458,0.022121857824875024,0.024452811259642528
w120_h20_a1e-05_anchornone,0.024041912161266436,0.024922363148097492,0.020168715334433273,0.023236969222659352,0.02346739185554258,0.02211266235651441,0.024260273315957946,0.019921110038903615,0.025630337189949247,0.030140309210141807,0.02264495680340854,0.03353631522317543,0.017701905159347265,0.026903168039532833,0.025921655171719325,0.02751460652025219,0.02543838859015419
w120_h20_a1e-05_anchor2.5,0.024041912161266436,0.02456764997899267,0.02015566295718411,0.0226886516382392,0.02277017043575165,0.02110623337834162,0.021702593747132973,0.018901707754111197,0.024770235720170886,0.025368173942087423,0.01999798104232102,0.02722630375900869,0.015126007241962917,0.02554569736946532,0.022211068367215755,0.022475168413002424,0.02439313267937439
w120_h40_a0_anchornone,0.020949343602148278,0.02298102185545336,0.02145687140858584,0.02449154877998386,0.0228769221583062,0.023969494794920346,0.02206695732972809,0.01939627164610848,0.026643844789017233,0.03140438058221686,0.02396528116300519,0.030999579217461527,0.02156443788080381,0.022372681037697014,0.0247271115689803,0.02519406639530052,0.02393231772227183
w120_h40_a0_anchor2.5,0.020949343602148278,0.022382430579449705,0.021420224505662368,0.024331224961109378,0.022455568707866178,0.02284397601365191,0.02124799978577319,0.0176979725951801,0.025321695466237287,0.027720725233974584,0.02206754165475334,0.025422995775847546,0.019371520933930738,0.02039401038674452,0.022900877451128947,0.02069778023819245,0.022789807296691743
w120_h40_a1e-07_anchornone,0.020949343601774143,0.022980474350114587,0.021456871408566655,0.024480049478885203,0.02287365954638217,0.024011686670871814,0.02206695732972811,0.01937067181891187,0.026643844790141383,0.031386897922061424,0.023956414537699013,0.03100724239022834,0.021564437882256194,0.022390678078528282,0.02472243370575011,0.025207930808304645,0.02393231772979423
w120_h40_a1e-07_anchor2.5,0.020949343601774143,0.022381883074110917,0.02142022450566237,0.024322489545802555,0.022452221915300344,0.022884719291802382,0.021247999785635,0.017668973717447366,0.025320044535184636,0.027713373591708886,0.022059995787314254,0.025429000664174504,0.019371520969269973,0.020416353804154172,0.022892706015632546,0.020723957795114697,0.022798355454026555
w120_h40_a1e-06_anchornone,0.020949343672203292,0.022975546877776316,0.021456871408566638,0.024376555770013335,0.022844295334951782,0.0243271693630659,0.02206695732973024,0.01911509355521736,0.026643844795052583,0.03122955417887908,0.023876612267992738,0.031076211660689967,0.02156443787869642,0.022560108671798185,0.02468033329009555,0.025300775490530746,0.02393231803470384
w120_h40_a1e-06_anchor2.5,0.020949343672203292,0.022376955601772663,0.021420224505662368,0.024243870821541173,0.02242263672251673,0.023246714800533048,0.021247999785635015,0.017407981228964704,0.025305185891712913,0.02764720940611246,0.02199208339031578,0.02548305018867824,0.019403824491146266,0.02060518207168768,0.022819163455226152,0.020959557389000964,0.02287528894894275
w120_h40_a1e-05_anchornone,0.021274783340842363,0.02339952943840559,0.021456871408588613,0.02425691877915687,0.02247580051080102,0.025120255512309328,0.022066957329866646,0.019623925391612455,0.026311009109900356,0.030248623654768447,0.02338649827024287,0.03176589740047754,0.02174267688953502,0.024873844527075514,0.02442667076853989,0.025053478827664583,0.023327113761004454
w120_h40_a1e-05_anchor2.5,0.021274783340842363,0.02280093816240194,0.02142022450567715,0.02378546112139475,0.022109757360626415,0.024580994397557225,0.021247999794734743,0.018537958392308335,0.02539770635568771,0.027516585240340962,0.021499731815400918,0.026023538631331094,0.019846818716088673,0.0223487950221123,0.022187631185798935,0.021358466404427068,0.022785631036608616
w120_h80_a0_anchornone,0.020289999999986895,0.022658021872602758,0.022345272154493622,0.024625733283567233,0.022687544062524156,0.025301918733408906,0.022257607410371732,0.018502588841613148,0.026760747058166126,0.032476992906881545,0.024999550066094688,0.02973793670931994,0.023674841329330818,0.020640858514703497,0.023812429999034115,0.023936156554503766,0.023453868428648567
w120_h80_a0_anchor2.5,0.020289999999986895,0.022120863962363495,0.022279542232614094,0.024588108525662365,0.022461662295792835,0.024293330653485712,0.022081802314251327,0.017187328715809354,0.02520939076113841,0.028875204155799743,0.02295736137076876,0.025509917287139253,0.02064487592134259,0.018414397271051337,0.022754876734564153,0.020671625958291032,0.021675303412760895
w120_h80_a1e-07_anchornone,0.020289999999983106,0.022653692659237275,0.022345272154493615,0.02461084514133772,0.02268442013865394,0.02534040036401178,0.022257607410371718,0.01848138196717535,0.02676074707596976,0.032458410915556596,0.024991659349930265,0.029743838997975898,0.023674841344317167,0.020653378453239328,0.0238018345015686,0.023935740670467626,0.023453867985288816
w120_h80_a1e-07_anchor2.5,0.020289999999983106,0.022116534748998017,0.022279542232614098,0.024575760917573734,0.022471442456947655,0.02432997484924829,0.02208180231425133,0.017162140869849286,0.025203201851607283,0.028873188223676405,0.02294940413808183,0.025515777075963215,0.020644875921428062,0.018430263720216042,0.02274620037288978,0.020685208830062585,0.02168473662260507
w120_h80_a1e-06_anchornone,0.020289999999969013,0.02261472983885713,0.022345272154491922,0.024476851089848938,0.022656305186492667,0.02552694500948433,0.022257607410371732,0.01832161655012847,0.02673992268793357,0.03229117849562747,0.02492064307035766,0.029796956955208943,0.023674841387231495,0.02076606273418393,0.023706474869601188,0.02393199605707464,0.023453869065802126
w120_h80_a1e-06_anchor2.5,0.020289999999969013,0.022077571928617864,0.022279542232618507,0.024464635374084814,0.022442296082988963,0.024627135947000292,0.02208180231425132,0.01690649464994729,0.025200300866083658,0.028799506768632386,0.022877788658313303,0.02556851448145087,0.020656742211942594,0.018573059224961993,0.02266811421067391,0.020806817648217138,0.021802019806499505
w120_h80_a1e-05_anchornone,0.020725441832984588,0.022977116386809073,0.022345272154491926,0.024696046198602106,0.022271630930934542,0.02610083805671962,0.02225760741028501,0.019222283499093166,0.026406206376846212,0.030826986141188503,0.02421047840222195,0.030426233442686572,0.02398282014419356,0.022700161806583803,0.022696670524685807,0.023868242300014185,0.022773346569010793
w120_h80_a1e-05_anchor2.5,0.020725441832984588,0.022457781124374007,0.022279542232618507,0.024340103269985824,0.02212928238732518,0.025486911908024098,0.022081802314269337,0.018048549955647843,0.025382681782430593,0.028145399691697954,0.022161637715765722,0.026010659671484488,0.021100415615391378,0.02035391108375288,0.021505497704022925,0.0208853229950706,0.02161821384897947
w180_h0_a0_anchornone,0.018659367388767,0.018828270383516525,0.023351538036013527,0.023737029576899108,0.023087406975771656,0.026656422877406247,0.023455522203115624,0.017471203970305726,0.023123887802055283,0.031189235686586478,0.026568479204410377,0.029121212760998025,0.025217718466401372,0.023302273627912408,0.022485069248543727,0.021249650998578798,0.021892360835275446
w180_h0_a0_anchor2.5,0.018659367388767,0.018828270351607015,0.023351537879598556,0.023345038393467795,0.02283305300729137,0.02606710770680794,0.023455522074258422,0.01603396986907683,0.02176611241791248,0.028403114484267727,0.02557146409741944,0.026352329184518263,0.02304227973129659,0.019623415142817936,0.02241011774106048,0.019165295220040734,0.018060676210200115
w180_h0_a1e-07_anchornone,0.01866305634638995,0.01883713592515043,0.023351538036015324,0.023730465875076753,0.02310188867535636,0.026677276344179556,0.023455522203115604,0.017480690609497803,0.023121948925758976,0.031180331906817304,0.026563361584350614,0.029123937612798963,0.025217718465081355,0.02330227362841054,0.02248346144907628,0.021262042811883645,0.021892359899321843
w180_h0_a1e-07_anchor2.5,0.01866305634638995,0.01883713589324094,0.023351537879598552,0.02333847473360077,0.0228479348894713,0.02609200098696294,0.023455522074258425,0.0160470318852509,0.021767670451248958,0.028417447195456247,0.025573441708481966,0.026356281833589876,0.023042279731174415,0.019623415183788132,0.022408817495562113,0.019182168040182267,0.018058548501073423
w180_h0_a1e-06_anchornone,0.018708023809224737,0.018916925891998553,0.02335153803601353,0.023671393491053336,0.023232212727068307,0.026864963562666513,0.023455522203115618,0.01769004223814685,0.023104499036300703,0.03110019807894954,0.026517299380901894,0.02914846180878062,0.025217719175862723,0.023314732613076785,0.022468992383786916,0.021373075560961182,0.02191261279355518
w180_h0_a1e-06_anchor2.5,0.018708023809224737,0.018916925860089043,0.023351537879598552,0.0232794011728029,0.02298187218489013,0.02630344109766585,0.023455522074258432,0.016288561920046442,0.021775498889862476,0.028505803795199357,0.025538716863824758,0.026391854855602137,0.023042280306639303,0.019687618581665005,0.022397115064081534,0.019334023549524574,0.017965128644623615
w180_h0_a1e-05_anchornone,0.019399277896072584,0.019710197399011274,0.023351538036019862,0.024567951844600654,0.022951491742569895,0.02681259890331683,0.02345552220313989,0.019706406059829876,0.023517322195839924,0.02938220083359018,0.026056681001682257,0.029447398378896414,0.025776688143344818,0.024492845725758314,0.02234650547434037,0.022081274084637646,0.02109782375461613
w180_h0_a1e-05_anchor2.5,0.019399277896072584,0.01971019747056117,0.02335153787959855,0.02417596064224885,0.022780606580094686,0.026396277063824778,0.02345552207333891,0.01796141132979515,0.022004675155372022,0.02792460875181789,0.024917331652970588,0.026666192140594302,0.023649247144993064,0.02098476748020857,0.022302298700852406,0.020330455321771666,0.017991764670825985
w180_h20_a0_anchornone,0.02389017220929194,0.022799817809708297,0.020463405033772218,0.024037263561238222,0.024207157309887928,0.019709527612940973,0.024093441446116293,0.021107993134639014,0.02611120828083961,0.02983117412986781,0.022922045899918662,0.03266079241696414,0.018080927093322017,0.02551929734451066,0.025485097504835474,0.028040576149925913,0.02487236259482498
w180_h20_a0_anchor2.5,0.02389017220929194,0.022452162265293656,0.020438630052870346,0.023092130967142212,0.023417726653510454,0.019439904535653953,0.021739238235384744,0.019475985628513767,0.024922644476765385,0.025700447826816696,0.020364874037467836,0.026483457387857963,0.015597954409392135,0.023044772489259423,0.022679032389600784,0.02199147550462445,0.024177766474561754
w180_h20_a1e-07_anchornone,0.02389017220955158,0.022804245650039617,0.020463405033772232,0.02402494734005079,0.024195843041837868,0.01973125985728024,0.024093441446116293,0.021078319108721332,0.026111208298009357,0.02980934119587939,0.02292308175569083,0.0326698810810951,0.01808092709308145,0.025530582293812616,0.025497988799670294,0.028022879168692973,0.02487236259425759
w180_h20_a1e-07_anchor2.5,0.02389017220955158,0.022456590105624997,0.020438630052870357,0.023088180353853398,0.02341199003974709,0.01946071268268325,0.021739238235384744,0.019485190102916165,0.0249158993582163,0.025684154087443782,0.02036628492365023,0.026490010737494688,0.015597954409408884,0.023072607974539708,0.022662276157470847,0.0220057381969089,0.0241867683934565
w180_h20_a1e-06_anchornone,0.023890172210476308,0.02284409368746271,0.02046340503376922,0.023914101258441744,0.024094013774614464,0.020060313793034936,0.024093441446116293,0.020856097556583974,0.026111208527213384,0.02961284477623542,0.022932416865196648,0.032751683092572356,0.01808092709055388,0.025632142331554388,0.02561400160035919,0.02788311484742265,0.024872362861821533
w180_h20_a1e-06_anchor2.5,0.023890172210476308,0.022496438143048077,0.02043863005287037,0.023047235289445026,0.023357190288435633,0.019647986168887226,0.021739238235362283,0.019479519422371108,0.024855193103797916,0.02553751084748803,0.020378997905695972,0.026548988457238912,0.015597954344044316,0.023329152771507707,0.02260773076135069,0.02213410082457556,0.02426778724994768
w180_h20_a1e-05_anchornone,0.02395366559482598,0.02477788265457725,0.020463405033770716,0.023069564875346803,0.023412031393739898,0.022323819693774824,0.024093441556490437,0.019988678296527115,0.02556365458476047,0.02995470032699688,0.022597875943893078,0.033393637285994426,0.018076809010509554,0.02654635401023558,0.025417031392145465,0.027412935866127048,0.025356725164870544
w180_h20_a1e-05_anchor2.5,0.02395366559482598,0.024430227110162628,0.020438630052870364,0.022697538315650245,0.022754869793465585,0.021303503789794752,0.02173923823283986,0.018951720376221132,0.024724917640623772,0.025347609834706266,0.02009350017865093,0.02713876460318298,0.015389249431151568,0.02526267476444859,0.02214386448462099,0.022497686392924602,0.02432607000073047
w180_h40_a0_anchornone,0.020572165925329185,0.022068498700062385,0.022184965365237497,0.024029777078181706,0.022950550470687912,0.024640776816101398,0.022170671174528887,0.018257823134108415,0.026098722117685696,0.031104825310561517,0.02470136402459798,0.029892439469597402,0.021975046561674892,0.0225362938666839,0.022673658384558214,0.024661913519675515,0.02391640987986928
w180_h40_a0_anchor2.5,0.020572165925329185,0.021785236958774466,0.022184965302965317,0.02387243476850526,0.022610305338011248,0.023395524862409846,0.021563219693135217,0.01710410402147951,0.024828086094555613,0.02767680900863493,0.023057375364053962,0.025621681633004663,0.02001372627404909,0.019606726331831543,0.022456309839265578,0.0207073971934028,0.021895299264344456
w180_h40_a1e-07_anchornone,0.020572165920366748,0.022066577719145702,0.022184965365237484,0.02402058656370559,0.022946822930239107,0.024675942989870296,0.022170671174528887,0.018236815142639206,0.02609415211142432,0.031086159366041057,0.024692166624085146,0.0298989456636037,0.021975046568194306,0.02255746283566153,0.022672917448086128,0.024673179827063494,0.023916409880157728
w180_h40_a1e-07_anchor2.5,0.020572165920366748,0.021783315977857803,0.02218496530296532,0.02386586682574402,0.022606450945652185,0.023430330191535273,0.02156321969313424,0.017083282344114655,0.02482423931526169,0.02766861029252487,0.023048248222254156,0.02562772318189334,0.020013726273958816,0.019621483002708908,0.022454955901958482,0.020733510863640867,0.021905130342175443
w180_h40_a1e-06_anchornone,0.020572166361372508,0.022049288559427293,0.02218496536523749,0.02393787306504217,0.022913274811316924,0.024984447903687694,0.022170671174528925,0.018047750890838484,0.026053022544061548,0.03091816304509487,0.024609390876775918,0.029957501747169372,0.0219750459097666,0.022747977183565644,0.022680593603001255,0.0247745789051303,0.02391641011937847
w180_h40_a1e-06_anchor2.5,0.020572166361372508,0.021766026818139373,0.022184965302965327,0.02380653293016266,0.02257176267082593,0.02374358333643271,0.021563219693117378,0.016895891375244495,0.02478961925298293,0.027594821350743873,0.022966104533187665,0.02568209744216714,0.020013725606634263,0.01975429559499404,0.022442770133960656,0.02095764642361171,0.021993610419034356
