date,legacy_cap,new_cap,cap_change,legacy_sum_beta,new_sum_beta,sum_beta_change,legacy_cap_binding,new_cap_binding,legacy_r2,new_r2,legacy_converged,new_converged,legacy_top5,new_top5,top5_same,max_industry_abs_diff,max_diff_industry,legacy_max_diff_industry_weight,new_max_diff_industry_weight,legacy_source_period,new_cap_source_period,report_quarter,classification
2006-02-24,0.95,0.95,0.0,0.4805134229322145,0.4805134229322145,0.0,False,False,0.7294040557423269,0.7294040557423269,True,True,食品饮料 | 社会服务 | 房地产 | 电子 | 交通运输,食品饮料 | 社会服务 | 房地产 | 电子 | 交通运输,True,0.0,交通运输,0.0,0.0,,,,TYPE_D_MINOR
2006-03-03,0.95,0.95,0.0,0.5158747034886995,0.5158747034886995,0.0,False,False,0.5921845899401863,0.5921845899401863,True,True,食品饮料 | 社会服务 | 交通运输 | 商贸零售 | 电子,食品饮料 | 社会服务 | 交通运输 | 商贸零售 | 电子,True,0.0,交通运输,0.112151726450268,0.112151726450268,,,,TYPE_D_MINOR
2006-03-31,0.95,0.95,0.0,0.5196856756579267,0.5196856756579267,0.0,False,False,0.3949732617455358,0.3949732617455358,True,True,商贸零售 | 食品饮料 | 房地产 | 钢铁 | 交通运输,商贸零售 | 食品饮料 | 房地产 | 钢铁 | 交通运输,True,0.0,交通运输,0.0,0.0,,,,TYPE_D_MINOR
2006-03-24,0.95,0.95,0.0,0.5276627306356024,0.5276627306356024,0.0,False,False,0.6304814659719005,0.6304814659719005,True,True,食品饮料 | 交通运输 | 社会服务 | 医药生物 | 商贸零售,食品饮料 | 交通运输 | 社会服务 | 医药生物 | 商贸零售,True,0.0,交通运输,0.0979370281046663,0.0979370281046663,,,,TYPE_D_MINOR
2006-03-17,0.95,0.95,0.0,0.5406705178393886,0.5406705178393886,0.0,False,False,0.6277922629982913,0.6277922629982913,True,True,食品饮料 | 交通运输 | 社会服务 | 商贸零售 | 医药生物,食品饮料 | 交通运输 | 社会服务 | 商贸零售 | 医药生物,True,0.0,交通运输,0.1068714663483965,0.1068714663483965,,,,TYPE_D_MINOR
2006-03-10,0.95,0.95,0.0,0.5429909591817932,0.5429909591817932,0.0,False,False,0.6365133214328851,0.6365133214328851,True,True,食品饮料 | 交通运输 | 社会服务 | 商贸零售 | 房地产,食品饮料 | 交通运输 | 社会服务 | 商贸零售 | 房地产,True,0.0,交通运输,0.1282087334640143,0.1282087334640143,,,,TYPE_D_MINOR
2006-04-07,0.95,0.95,0.0,0.5457766618738078,0.5457766618738078,0.0,False,False,0.4465538673741072,0.4465538673741072,True,True,食品饮料 | 商贸零售 | 房地产 | 社会服务 | 有色金属,食品饮料 | 商贸零售 | 房地产 | 社会服务 | 有色金属,True,0.0,交通运输,0.0,0.0,,,,TYPE_D_MINOR
2007-01-26,0.95,0.95,0.0,0.5829571619606057,0.5829571619606057,0.0,False,False,0.7474939124935291,0.7474939124935291,True,True,食品饮料 | 社会服务 | 有色金属 | 房地产 | 家用电器,食品饮料 | 社会服务 | 有色金属 | 房地产 | 家用电器,True,0.0,交通运输,0.0,0.0,,,,TYPE_D_MINOR
2007-01-19,0.95,0.95,0.0,0.5889466264273243,0.5889466264273243,0.0,False,False,0.7279295170466004,0.7279295170466004,True,True,食品饮料 | 社会服务 | 有色金属 | 房地产 | 家用电器,食品饮料 | 社会服务 | 有色金属 | 房地产 | 家用电器,True,0.0,交通运输,0.0,0.0,,,,TYPE_D_MINOR
2007-02-02,0.95,0.95,0.0,0.6344214726957107,0.6344214726957107,0.0,False,False,0.8145928359671694,0.8145928359671694,True,True,食品饮料 | 房地产 | 有色金属 | 社会服务 | 家用电器,食品饮料 | 房地产 | 有色金属 | 社会服务 | 家用电器,True,0.0,交通运输,0.0,0.0,,,,TYPE_D_MINOR
2007-02-09,0.95,0.95,0.0,0.6386535568525169,0.6386535568525169,0.0,False,False,0.8004959319893692,0.8004959319893692,True,True,食品饮料 | 房地产 | 有色金属 | 社会服务 | 钢铁,食品饮料 | 房地产 | 有色金属 | 社会服务 | 钢铁,True,0.0,交通运输,0.0,0.0,,,,TYPE_D_MINOR
2006-04-14,0.95,0.95,0.0,0.6598469330346809,0.6598469330346809,0.0,False,False,0.580556420090956,0.580556420090956,True,True,商贸零售 | 医药生物 | 房地产 | 食品饮料 | 有色金属,商贸零售 | 医药生物 | 房地产 | 食品饮料 | 有色金属,True,0.0,交通运输,0.0,0.0,,,,TYPE_D_MINOR
2007-02-16,0.95,0.95,0.0,0.6660973659034479,0.6660973659034479,0.0,False,False,0.7937012154658817,0.7937012154658817,True,True,食品饮料 | 房地产 | 基础化工 | 有色金属 | 钢铁,食品饮料 | 房地产 | 基础化工 | 有色金属 | 钢铁,True,0.0,交通运输,0.0,0.0,,,,TYPE_D_MINOR
2006-04-28,0.95,0.95,0.0,0.6788492352007256,0.6788492352007256,0.0,False,False,0.5980225838609361,0.5980225838609361,True,True,商贸零售 | 食品饮料 | 有色金属 | 房地产 | 社会服务,商贸零售 | 食品饮料 | 有色金属 | 房地产 | 社会服务,True,0.0,交通运输,0.0,0.0,,,,TYPE_D_MINOR
2007-01-12,0.95,0.95,0.0,0.6935611636698262,0.6935611636698262,0.0,False,False,0.7686017503161788,0.7686017503161788,True,True,食品饮料 | 社会服务 | 房地产 | 商贸零售 | 有色金属,食品饮料 | 社会服务 | 房地产 | 商贸零售 | 有色金属,True,0.0,交通运输,0.0,0.0,,,,TYPE_D_MINOR
2009-05-29,0.95,0.95,0.0,0.7069319467319802,0.7069319467319802,0.0,False,False,0.9341088666622692,0.9341088666622692,True,True,食品饮料 | 商贸零售 | 房地产 | 基础化工 | 医药生物,食品饮料 | 商贸零售 | 房地产 | 基础化工 | 医药生物,True,0.0,交通运输,0.0743760459951164,0.0743760459951164,,,,TYPE_D_MINOR
2009-05-22,0.95,0.95,0.0,0.7088939606559741,0.7088939606559741,0.0,False,False,0.9339805198408236,0.9339805198408236,True,True,食品饮料 | 商贸零售 | 房地产 | 医药生物 | 基础化工,食品饮料 | 商贸零售 | 房地产 | 医药生物 | 基础化工,True,0.0,交通运输,0.067361972509426,0.067361972509426,,,,TYPE_D_MINOR
2009-05-15,0.95,0.95,0.0,0.7095106982743444,0.7095106982743444,0.0,False,False,0.9350688661190636,0.9350688661190636,True,True,食品饮料 | 商贸零售 | 房地产 | 基础化工 | 医药生物,食品饮料 | 商贸零售 | 房地产 | 基础化工 | 医药生物,True,0.0,交通运输,0.0637015525494637,0.0637015525494637,,,,TYPE_D_MINOR
2009-06-12,0.95,0.95,0.0,0.710009331472554,0.710009331472554,0.0,False,False,0.9278774090898376,0.9278774090898376,True,True,食品饮料 | 房地产 | 医药生物 | 商贸零售 | 交通运输,食品饮料 | 房地产 | 医药生物 | 商贸零售 | 交通运输,True,0.0,交通运输,0.0909273713212394,0.0909273713212394,,,,TYPE_D_MINOR
2006-04-21,0.95,0.95,0.0,0.715353442209928,0.715353442209928,0.0,False,False,0.5981765789801183,0.5981765789801183,True,True,食品饮料 | 商贸零售 | 房地产 | 医药生物 | 有色金属,食品饮料 | 商贸零售 | 房地产 | 医药生物 | 有色金属,True,0.0,交通运输,0.0,0.0,,,,TYPE_D_MINOR
