date,industry,legacy_weight,new_weight,difference,legacy_cap,new_cap,legacy_sum_beta,new_sum_beta,legacy_cap_binding,new_cap_binding,legacy_r2,new_r2,type
2026-03-13,交通运输,0.0025219672452729,0.2172348416455256,0.2147128744002527,0.53718,0.98,0.53718,0.9620360564249252,True,False,0.8000996082202505,0.8908898652556232,TYPE_A_CAP_RELEASED
2026-03-27,汽车,0.0,0.204636923972218,0.204636923972218,0.53718,0.98,0.53718,0.8767679528188447,True,False,0.8484294633987567,0.917302126624168,TYPE_A_CAP_RELEASED
2026-01-16,家用电器,0.0,0.1992788897305858,0.1992788897305858,0.53718,0.98,0.5371799999999999,0.8444186004396773,True,False,0.7979897145889161,0.8510067497785847,TYPE_A_CAP_RELEASED
2026-01-23,家用电器,0.0205847810812149,0.2167677928960005,0.19618301181478562,0.53718,0.98,0.5371800000000002,0.8348106570142696,True,False,0.7891971395467399,0.8417375920950898,TYPE_A_CAP_RELEASED
2026-07-24,银行,0.0,0.1818164851673326,0.1818164851673326,0.5946149999999998,0.98,0.5946149999999999,0.98,True,True,0.8186411477836739,0.8547574453473402,TYPE_A_CAP_RELEASED
2026-03-06,交通运输,0.0,0.1764082757925594,0.1764082757925594,0.53718,0.98,0.53718,0.9226552316915304,True,False,0.810409141288187,0.8834857028806322,TYPE_A_CAP_RELEASED
2026-01-09,家用电器,0.0,0.1760371576906995,0.1760371576906995,0.53718,0.98,0.5371800000000001,0.8756855469759259,True,False,0.8111579975362166,0.864981893150211,TYPE_A_CAP_RELEASED
2026-07-31,银行,0.0,0.1748247107906207,0.1748247107906207,0.5946149999999998,0.98,0.5946149999999999,0.9784755996249108,True,False,0.8353929081381724,0.8676336128123866,TYPE_A_CAP_RELEASED
2026-03-20,汽车,0.0114959144463471,0.1831328124375844,0.1716368979912373,0.53718,0.98,0.5371800000000001,0.9139834180084008,True,False,0.8145422641014132,0.8868862933467317,TYPE_A_CAP_RELEASED
2025-03-28,银行,0.0,0.1678879901466806,0.1678879901466806,0.6589800000000001,0.98,0.6589800000000001,0.98,True,True,0.8813363622252957,0.9439976465652744,TYPE_A_CAP_RELEASED
2024-03-22,家用电器,0.0096158000505502,0.1757679393774782,0.166152139326928,0.6711599999999999,0.98,0.67116,0.977267901694924,True,False,0.879270998359399,0.923334218963864,TYPE_A_CAP_RELEASED
2026-01-30,家用电器,0.022138042571616,0.1830935491555984,0.1609555065839824,0.53718,0.98,0.5371800000000001,0.7961984143409869,True,False,0.7922721839582496,0.8415618675551281,TYPE_A_CAP_RELEASED
2024-03-29,家用电器,0.0106075968732014,0.1690882914684786,0.1584806945952772,0.6711599999999999,0.98,0.67116,0.98,True,True,0.8808858985707168,0.922620719609246,TYPE_A_CAP_RELEASED
2026-07-17,家用电器,0.0,0.1571233401583157,0.1571233401583157,0.5946149999999998,0.98,0.594615,0.974270559927664,True,False,0.8360122672696564,0.8681430247415901,TYPE_A_CAP_RELEASED
2026-08-07,银行,0.0,0.154030054520781,0.154030054520781,0.5946149999999998,0.98,0.594615,0.98,True,True,0.8310402049400702,0.8635884476062347,TYPE_A_CAP_RELEASED
2026-01-02,家用电器,0.0,0.1518145152727207,0.1518145152727207,0.53718,0.98,0.5371800000000001,0.8785956383235836,True,False,0.805231445119962,0.8548945004167697,TYPE_A_CAP_RELEASED
2026-07-03,家用电器,0.0,0.1506934874339814,0.1506934874339814,0.5946149999999998,0.98,0.5946149999999999,0.9455383959603222,True,False,0.839418466073213,0.8851984165350267,TYPE_A_CAP_RELEASED
2024-03-15,家用电器,0.0,0.1484081072082949,0.1484081072082949,0.6711599999999999,0.98,0.6711600000000001,0.961469825533872,True,False,0.8882156571220566,0.931877133519412,TYPE_A_CAP_RELEASED
2026-02-13,家用电器,0.0,0.1442572025052523,0.1442572025052523,0.53718,0.98,0.5371800000000001,0.8971738815253109,True,False,0.8137715241405448,0.8833773284768905,TYPE_A_CAP_RELEASED
2026-02-06,家用电器,0.0,0.1427138508480965,0.1427138508480965,0.53718,0.98,0.53718,0.8795901525951593,True,False,0.8091501716149844,0.8758196465721044,TYPE_A_CAP_RELEASED
