combo_id,window,half_life,alpha,anchor_mult,duration_seconds,elapsed_seconds,solver_calls,status,error
w60_h0_a0_anchornone,60,0,0.0,,0.6569999998901039,1.327999999979511,49,DONE,
w60_h0_a0_anchor2.5,60,0,0.0,2.5,2.125,3.468000000109896,49,DONE,
w60_h0_a1e-07_anchornone,60,0,1e-07,,0.6559999999590218,4.1399999998975545,49,DONE,
w60_h0_a1e-07_anchor2.5,60,0,1e-07,2.5,2.3589999999385327,6.5149999998975545,49,DONE,
w60_h0_a1e-06_anchornone,60,0,1e-06,,0.7190000000409782,7.25,49,DONE,
w60_h0_a1e-06_anchor2.5,60,0,1e-06,2.5,2.172000000020489,9.436999999918044,49,DONE,
w60_h0_a1e-05_anchornone,60,0,1e-05,,0.6559999999590218,10.108999999938533,49,DONE,
w60_h0_a1e-05_anchor2.5,60,0,1e-05,2.5,1.9839999999385327,12.108999999938533,49,DONE,
w60_h20_a0_anchornone,60,20,0.0,,0.7029999999795109,12.827999999979511,49,DONE,
w60_h20_a0_anchor2.5,60,20,0.0,2.5,2.452999999979511,15.296000000089407,49,DONE,
w60_h20_a1e-07_anchornone,60,20,1e-07,,0.7810000001918525,16.093000000109896,49,DONE,
w60_h20_a1e-07_anchor2.5,60,20,1e-07,2.5,2.5,18.608999999938533,49,DONE,
w60_h20_a1e-06_anchornone,60,20,1e-06,,0.6869999999180436,19.311999999918044,49,DONE,
w60_h20_a1e-06_anchor2.5,60,20,1e-06,2.5,2.281999999890104,21.625,49,DONE,
w60_h20_a1e-05_anchornone,60,20,1e-05,,0.6410000000614673,22.280999999959022,49,DONE,
w60_h20_a1e-05_anchor2.5,60,20,1e-05,2.5,2.0,24.296000000089407,49,DONE,
w60_h40_a0_anchornone,60,40,0.0,,0.6880000000819564,25.0,49,DONE,
w60_h40_a0_anchor2.5,60,40,0.0,2.5,2.344000000040978,27.358999999938533,49,DONE,
w60_h40_a1e-07_anchornone,60,40,1e-07,,0.8899999998975545,28.264999999897555,49,DONE,
w60_h40_a1e-07_anchor2.5,60,40,1e-07,2.5,2.25,30.530999999959022,49,DONE,
w60_h40_a1e-06_anchornone,60,40,1e-06,,0.7349999998696148,31.280999999959022,49,DONE,
w60_h40_a1e-06_anchor2.5,60,40,1e-06,2.5,2.3129999998491257,33.60899999993853,49,DONE,
w60_h40_a1e-05_anchornone,60,40,1e-05,,0.6399999998975545,34.264999999897555,49,DONE,
w60_h40_a1e-05_anchor2.5,60,40,1e-05,2.5,1.9839999999385327,36.264999999897555,49,DONE,
w60_h80_a0_anchornone,60,80,0.0,,0.6870000001508743,36.968000000109896,49,DONE,
w60_h80_a0_anchor2.5,60,80,0.0,2.5,2.3120000001508743,39.29600000008941,49,DONE,
w60_h80_a1e-07_anchornone,60,80,1e-07,,0.6869999999180436,40.014999999897555,49,DONE,
w60_h80_a1e-07_anchor2.5,60,80,1e-07,2.5,2.2339999999385327,42.264999999897555,49,DONE,
w60_h80_a1e-06_anchornone,60,80,1e-06,,0.7809999999590218,43.061999999918044,49,DONE,
w60_h80_a1e-06_anchor2.5,60,80,1e-06,2.5,2.3119999999180436,45.389999999897555,49,DONE,
w60_h80_a1e-05_anchornone,60,80,1e-05,,0.6400000001303852,46.04600000008941,49,DONE,
w60_h80_a1e-05_anchor2.5,60,80,1e-05,2.5,1.922000000020489,47.98399999993853,49,DONE,
w90_h0_a0_anchornone,90,0,0.0,,0.6869999999180436,48.686999999918044,49,DONE,
w90_h0_a0_anchor2.5,90,0,0.0,2.5,2.155999999959022,50.85899999993853,49,DONE,
w90_h0_a1e-07_anchornone,90,0,1e-07,,0.671000000089407,51.54600000008941,49,DONE,
w90_h0_a1e-07_anchor2.5,90,0,1e-07,2.5,2.172000000020489,53.73399999993853,49,DONE,
w90_h0_a1e-06_anchornone,90,0,1e-06,,0.671000000089407,54.42100000008941,49,DONE,
w90_h0_a1e-06_anchor2.5,90,0,1e-06,2.5,2.1880000000819564,56.625,49,DONE,
w90_h0_a1e-05_anchornone,90,0,1e-05,,0.6100000001024455,57.25,49,DONE,
w90_h0_a1e-05_anchor2.5,90,0,1e-05,2.5,2.015000000130385,59.29600000008941,49,DONE,
w90_h20_a0_anchornone,90,20,0.0,,0.7029999999795109,60.014999999897555,49,DONE,
w90_h20_a0_anchor2.5,90,20,0.0,2.5,2.422000000020489,62.45299999997951,49,DONE,
w90_h20_a1e-07_anchornone,90,20,1e-07,,0.6879999998491257,63.15599999995902,49,DONE,
w90_h20_a1e-07_anchor2.5,90,20,1e-07,2.5,2.3439999998081475,65.51499999989755,49,DONE,
w90_h20_a1e-06_anchornone,90,20,1e-06,,0.7339999999385327,66.26499999989755,49,DONE,
w90_h20_a1e-06_anchor2.5,90,20,1e-06,2.5,2.219000000040978,68.5,49,DONE,
w90_h20_a1e-05_anchornone,90,20,1e-05,,0.625,69.13999999989755,49,DONE,
w90_h20_a1e-05_anchor2.5,90,20,1e-05,2.5,2.094000000040978,71.25,49,DONE,
w90_h40_a0_anchornone,90,40,0.0,,0.6880000000819564,71.95299999997951,49,DONE,
w90_h40_a0_anchor2.5,90,40,0.0,2.5,2.1879999998491257,74.15599999995902,49,DONE,
w90_h40_a1e-07_anchornone,90,40,1e-07,,0.6879999998491257,74.85899999993853,49,DONE,
w90_h40_a1e-07_anchor2.5,90,40,1e-07,2.5,2.218000000109896,77.0930000001099,49,DONE,
w90_h40_a1e-06_anchornone,90,40,1e-06,,0.7190000000409782,77.82799999997951,49,DONE,
w90_h40_a1e-06_anchor2.5,90,40,1e-06,2.5,2.1409999998286366,79.98399999993853,49,DONE,
w90_h40_a1e-05_anchornone,90,40,1e-05,,0.7180000001098961,80.7180000001099,49,DONE,
w90_h40_a1e-05_anchor2.5,90,40,1e-05,2.5,2.155999999959022,82.90599999995902,49,DONE,
w90_h80_a0_anchornone,90,80,0.0,,0.7659999998286366,83.68699999991804,49,DONE,
w90_h80_a0_anchor2.5,90,80,0.0,2.5,2.0939999998081475,85.81199999991804,49,DONE,
w90_h80_a1e-07_anchornone,90,80,1e-07,,0.75,86.57799999997951,49,DONE,
w90_h80_a1e-07_anchor2.5,90,80,1e-07,2.5,2.1410000000614673,88.75,49,DONE,
w90_h80_a1e-06_anchornone,90,80,1e-06,,0.7030000002123415,89.4680000001099,49,DONE,
w90_h80_a1e-06_anchor2.5,90,80,1e-06,2.5,2.125,91.625,49,DONE,
w90_h80_a1e-05_anchornone,90,80,1e-05,,0.6560000001918525,92.2960000000894,49,DONE,
w90_h80_a1e-05_anchor2.5,90,80,1e-05,2.5,2.280999999959022,94.60899999993853,49,DONE,
w120_h0_a0_anchornone,120,0,0.0,,0.671000000089407,95.2960000000894,49,DONE,
w120_h0_a0_anchor2.5,120,0,0.0,2.5,2.4840000001713634,97.7960000000894,49,DONE,
w120_h0_a1e-07_anchornone,120,0,1e-07,,0.6560000001918525,98.4680000001099,49,DONE,
w120_h0_a1e-07_anchor2.5,120,0,1e-07,2.5,2.280999999959022,100.76499999989755,49,DONE,
w120_h0_a1e-06_anchornone,120,0,1e-06,,0.6400000001303852,101.4210000000894,49,DONE,
w120_h0_a1e-06_anchor2.5,120,0,1e-06,2.5,2.297000000020489,103.73399999993853,49,DONE,
w120_h0_a1e-05_anchornone,120,0,1e-05,,0.6410000000614673,104.40599999995902,49,DONE,
w120_h0_a1e-05_anchor2.5,120,0,1e-05,2.5,2.2659999998286366,106.68699999991804,49,DONE,
w120_h20_a0_anchornone,120,20,0.0,,0.7819999998901039,107.5,49,DONE,
w120_h20_a0_anchor2.5,120,20,0.0,2.5,2.844000000040978,110.35899999993853,49,DONE,
w120_h20_a1e-07_anchornone,120,20,1e-07,,0.9059999999590218,111.28099999995902,49,DONE,
w120_h20_a1e-07_anchor2.5,120,20,1e-07,2.5,2.156999999890104,113.45299999997951,49,DONE,
w120_h20_a1e-06_anchornone,120,20,1e-06,,0.7349999998696148,114.20299999997951,49,DONE,
w120_h20_a1e-06_anchor2.5,120,20,1e-06,2.5,2.077999999979511,116.2960000000894,49,DONE,
w120_h20_a1e-05_anchornone,120,20,1e-05,,0.5779999999795109,116.88999999989755,49,DONE,
w120_h20_a1e-05_anchor2.5,120,20,1e-05,2.5,2.047000000020489,118.95299999997951,49,DONE,
w120_h40_a0_anchornone,120,40,0.0,,0.6720000000204891,119.65599999995902,49,DONE,
w120_h40_a0_anchor2.5,120,40,0.0,2.5,2.0939999998081475,121.76499999989755,49,DONE,
w120_h40_a1e-07_anchornone,120,40,1e-07,,0.6400000001303852,122.4210000000894,49,DONE,
w120_h40_a1e-07_anchor2.5,120,40,1e-07,2.5,2.094000000040978,124.53099999995902,49,DONE,
w120_h40_a1e-06_anchornone,120,40,1e-06,,0.6569999998901039,125.20299999997951,49,DONE,
w120_h40_a1e-06_anchor2.5,120,40,1e-06,2.5,1.9849999998696148,127.20299999997951,49,DONE,
w120_h40_a1e-05_anchornone,120,40,1e-05,,0.5779999999795109,127.7960000000894,49,DONE,
w120_h40_a1e-05_anchor2.5,120,40,1e-05,2.5,1.922000000020489,129.73399999993853,49,DONE,
w120_h80_a0_anchornone,120,80,0.0,,0.6100000001024455,130.375,49,DONE,
w120_h80_a0_anchor2.5,120,80,0.0,2.5,2.094000000040978,132.48399999993853,49,DONE,
w120_h80_a1e-07_anchornone,120,80,1e-07,,0.625,133.125,49,DONE,
w120_h80_a1e-07_anchor2.5,120,80,1e-07,2.5,2.2030000002123415,135.3430000001099,49,DONE,
w120_h80_a1e-06_anchornone,120,80,1e-06,,0.6090000001713634,135.9680000001099,49,DONE,
w120_h80_a1e-06_anchor2.5,120,80,1e-06,2.5,1.9690000000409782,137.9529999999795,49,DONE,
w120_h80_a1e-05_anchornone,120,80,1e-05,,0.5629999998491257,138.53099999995902,49,DONE,
w120_h80_a1e-05_anchor2.5,120,80,1e-05,2.5,2.0159999998286366,140.56199999991804,49,DONE,
w180_h0_a0_anchornone,180,0,0.0,,0.625,141.2180000001099,49,DONE,
w180_h0_a0_anchor2.5,180,0,0.0,2.5,2.2660000000614673,143.5,49,DONE,
w180_h0_a1e-07_anchornone,180,0,1e-07,,0.625,144.13999999989755,49,DONE,
w180_h0_a1e-07_anchor2.5,180,0,1e-07,2.5,2.25,146.40599999995902,49,DONE,
w180_h0_a1e-06_anchornone,180,0,1e-06,,0.5940000000409782,147.03099999995902,49,DONE,
w180_h0_a1e-06_anchor2.5,180,0,1e-06,2.5,1.906999999890104,148.9529999999795,49,DONE,
w180_h0_a1e-05_anchornone,180,0,1e-05,,0.5469999997876585,149.51499999989755,49,DONE,
w180_h0_a1e-05_anchor2.5,180,0,1e-05,2.5,1.875,151.40599999995902,49,DONE,
w180_h20_a0_anchornone,180,20,0.0,,0.6409999998286366,152.06199999991804,49,DONE,
w180_h20_a0_anchor2.5,180,20,0.0,2.5,2.140000000130385,154.2180000001099,49,DONE,
w180_h20_a1e-07_anchornone,180,20,1e-07,,0.6720000000204891,154.90599999995902,49,DONE,
w180_h20_a1e-07_anchor2.5,180,20,1e-07,2.5,2.2189999998081475,157.13999999989755,49,DONE,
w180_h20_a1e-06_anchornone,180,20,1e-06,,0.6559999999590218,157.81199999991804,49,DONE,
w180_h20_a1e-06_anchor2.5,180,20,1e-06,2.5,2.0619999999180436,159.88999999989755,49,DONE,
w180_h20_a1e-05_anchornone,180,20,1e-05,,0.6089999999385327,160.51499999989755,49,DONE,
w180_h20_a1e-05_anchor2.5,180,20,1e-05,2.5,1.906999999890104,162.4529999999795,49,DONE,
w180_h40_a0_anchornone,180,40,0.0,,0.6409999998286366,163.10899999993853,49,DONE,
w180_h40_a0_anchor2.5,180,40,0.0,2.5,1.968000000109896,165.0930000001099,49,DONE,
w180_h40_a1e-07_anchornone,180,40,1e-07,,0.625,165.73399999993853,49,DONE,
w180_h40_a1e-07_anchor2.5,180,40,1e-07,2.5,2.094000000040978,167.85899999993853,49,DONE,
w180_h40_a1e-06_anchornone,180,40,1e-06,,0.625,168.51499999989755,49,DONE,
w180_h40_a1e-06_anchor2.5,180,40,1e-06,2.5,2.0,170.53099999995902,49,DONE,
w180_h40_a1e-05_anchornone,180,40,1e-05,,0.5630000000819564,171.125,49,DONE,
w180_h40_a1e-05_anchor2.5,180,40,1e-05,2.5,1.9060000001918525,173.0460000000894,49,DONE,
w180_h80_a0_anchornone,180,80,0.0,,0.5940000000409782,173.65599999995902,49,DONE,
w180_h80_a0_anchor2.5,180,80,0.0,2.5,1.9849999998696148,175.65599999995902,49,DONE,
w180_h80_a1e-07_anchornone,180,80,1e-07,,0.6720000000204891,176.3430000001099,49,DONE,
w180_h80_a1e-07_anchor2.5,180,80,1e-07,2.5,2.172000000020489,178.53099999995902,49,DONE,
w180_h80_a1e-06_anchornone,180,80,1e-06,,0.6090000001713634,179.1710000000894,49,DONE,
w180_h80_a1e-06_anchor2.5,180,80,1e-06,2.5,2.0,181.2029999999795,49,DONE,
w180_h80_a1e-05_anchornone,180,80,1e-05,,0.5469999997876585,181.76499999989755,49,DONE,
w180_h80_a1e-05_anchor2.5,180,80,1e-05,2.5,1.922000000020489,183.7029999999795,49,DONE,
w250_h0_a0_anchornone,250,0,0.0,,0.5779999999795109,184.2960000000894,49,DONE,
w250_h0_a0_anchor2.5,250,0,0.0,2.5,2.0630000000819564,186.375,49,DONE,
w250_h0_a1e-07_anchornone,250,0,1e-07,,0.5940000000409782,186.98399999993853,49,DONE,
w250_h0_a1e-07_anchor2.5,250,0,1e-07,2.5,2.171000000089407,189.1710000000894,49,DONE,
w250_h0_a1e-06_anchornone,250,0,1e-06,,0.5779999999795109,189.76499999989755,49,DONE,
w250_h0_a1e-06_anchor2.5,250,0,1e-06,2.5,2.047000000020489,191.8279999999795,49,DONE,
w250_h0_a1e-05_anchornone,250,0,1e-05,,0.5469999997876585,192.38999999989755,49,DONE,
w250_h0_a1e-05_anchor2.5,250,0,1e-05,2.5,1.9370000001508743,194.3430000001099,49,DONE,
w250_h20_a0_anchornone,250,20,0.0,,0.6559999999590218,195.03099999995902,49,DONE,
w250_h20_a0_anchor2.5,250,20,0.0,2.5,2.1879999998491257,197.23399999993853,49,DONE,
w250_h20_a1e-07_anchornone,250,20,1e-07,,0.6559999999590218,197.90599999995902,49,DONE,
w250_h20_a1e-07_anchor2.5,250,20,1e-07,2.5,2.2340000001713634,200.1710000000894,49,DONE,
w250_h20_a1e-06_anchornone,250,20,1e-06,,0.6720000000204891,200.85899999993853,49,DONE,
w250_h20_a1e-06_anchor2.5,250,20,1e-06,2.5,2.0619999999180436,202.93699999991804,49,DONE,
w250_h20_a1e-05_anchornone,250,20,1e-05,,0.5930000001098961,203.5460000000894,49,DONE,
w250_h20_a1e-05_anchor2.5,250,20,1e-05,2.5,1.952999999979511,205.51499999989755,49,DONE,
w250_h40_a0_anchornone,250,40,0.0,,0.6099999998696148,206.15599999995902,49,DONE,
w250_h40_a0_anchor2.5,250,40,0.0,2.5,2.125,208.2960000000894,49,DONE,
w250_h40_a1e-07_anchornone,250,40,1e-07,,0.625,208.93699999991804,49,DONE,
w250_h40_a1e-07_anchor2.5,250,40,1e-07,2.5,2.172000000020489,211.125,49,DONE,
w250_h40_a1e-06_anchornone,250,40,1e-06,,0.6410000000614673,211.78099999995902,49,DONE,
w250_h40_a1e-06_anchor2.5,250,40,1e-06,2.5,2.156999999890104,213.9529999999795,49,DONE,
w250_h40_a1e-05_anchornone,250,40,1e-05,,0.5779999999795109,214.5460000000894,49,DONE,
w250_h40_a1e-05_anchor2.5,250,40,1e-05,2.5,2.0160000000614673,216.5779999999795,49,DONE,
w250_h80_a0_anchornone,250,80,0.0,,0.5939999998081475,217.18699999991804,49,DONE,
w250_h80_a0_anchor2.5,250,80,0.0,2.5,2.0159999998286366,219.23399999993853,49,DONE,
w250_h80_a1e-07_anchornone,250,80,1e-07,,0.5779999999795109,219.8279999999795,49,DONE,
w250_h80_a1e-07_anchor2.5,250,80,1e-07,2.5,2.109999999869615,221.9529999999795,49,DONE,
w250_h80_a1e-06_anchornone,250,80,1e-06,,0.5620000001508743,222.5460000000894,49,DONE,
w250_h80_a1e-06_anchor2.5,250,80,1e-06,2.5,1.9060000001918525,224.4680000001099,49,DONE,
w250_h80_a1e-05_anchornone,250,80,1e-05,,0.5309999999590218,225.01499999989755,49,DONE,
w250_h80_a1e-05_anchor2.5,250,80,1e-05,2.5,1.953999999910593,227.0,49,DONE,
