fund_code,period_end,report_type,n_rows,topline_used,holdings_sum,reported_equity_ratio,coverage_ratio,coverage_gap,min_holding_pct,max_holding_pct,coverage_type,coverage_reason,holdings_source_status,alloc_source_status,available_date,available_date_status,flags
161005,2022-03-31,Q1,40,100,0.6745,0.9365,0.7202349172450614,0.262,0.0021,0.0709,PARTIAL,QUARTERLY_SOURCE_UNVERIFIED,SOURCE_UNVERIFIED,AVAILABLE,,UNVERIFIED,DUPLICATE;MALFORMED;QUARTERLY_PARTIAL;SOURCE_UNVERIFIED;TOPLINE_RESPONSE_UNRELIABLE
161005,2022-06-30,INTERIM,100,100,0.9246000000000002,0.9397000000000001,0.9839310418218582,0.015099999999999891,0.0007000000000000001,0.07730000000000001,TOP_N_TRUNCATED,ROWS_AT_TOPLINE,TOPLINE_RESPONSE_UNRELIABLE,AVAILABLE,,UNVERIFIED,TOPLINE_LIMIT;TOPLINE_RESPONSE_UNRELIABLE
161005,2022-09-30,Q3,35,100,0.656,0.9383000000000001,0.6991367366513908,0.2823000000000001,0.001,0.08560000000000001,PARTIAL,QUARTERLY_SOURCE_UNVERIFIED,SOURCE_UNVERIFIED,AVAILABLE,,UNVERIFIED,QUARTERLY_PARTIAL;SOURCE_UNVERIFIED;TOPLINE_RESPONSE_UNRELIABLE
161005,2022-12-31,ANNUAL,100,100,0.9203000000000001,0.9397,0.9793551133340429,0.019399999999999862,0.0007000000000000001,0.0819,TOP_N_TRUNCATED,ROWS_AT_TOPLINE,TOPLINE_RESPONSE_UNRELIABLE,AVAILABLE,,UNVERIFIED,TOPLINE_LIMIT;TOPLINE_RESPONSE_UNRELIABLE
161005,2023-03-31,Q1,41,100,0.6391,0.9376999999999999,0.6815612669297217,0.29859999999999987,0.001,0.0833,PARTIAL,QUARTERLY_SOURCE_UNVERIFIED,SOURCE_UNVERIFIED,AVAILABLE,,UNVERIFIED,DUPLICATE;MALFORMED;QUARTERLY_PARTIAL;SOURCE_UNVERIFIED;TOPLINE_RESPONSE_UNRELIABLE
161005,2023-06-30,INTERIM,100,100,0.9185000000000001,0.9387000000000001,0.9784808778097369,0.020199999999999996,0.0007000000000000001,0.0815,TOP_N_TRUNCATED,ROWS_AT_TOPLINE,TOPLINE_RESPONSE_UNRELIABLE,AVAILABLE,,UNVERIFIED,TOPLINE_LIMIT;TOPLINE_RESPONSE_UNRELIABLE
161005,2023-09-30,Q3,41,100,0.6392,0.9396999999999999,0.6802170905608174,0.3004999999999999,0.001,0.0874,PARTIAL,QUARTERLY_SOURCE_UNVERIFIED,SOURCE_UNVERIFIED,AVAILABLE,,UNVERIFIED,QUARTERLY_PARTIAL;SOURCE_UNVERIFIED;TOPLINE_RESPONSE_UNRELIABLE
161005,2023-12-31,ANNUAL,100,100,0.9269000000000002,0.9451000000000002,0.9807427785419532,0.018199999999999994,0.0006,0.092,TOP_N_TRUNCATED,ROWS_AT_TOPLINE,TOPLINE_RESPONSE_UNRELIABLE,AVAILABLE,,UNVERIFIED,TOPLINE_LIMIT;TOPLINE_RESPONSE_UNRELIABLE
161005,2024-03-31,Q1,51,100,0.6714,0.9453000000000001,0.7102507140590287,0.27390000000000014,0.0014000000000000002,0.0799,PARTIAL,QUARTERLY_SOURCE_UNVERIFIED,SOURCE_UNVERIFIED,AVAILABLE,,UNVERIFIED,DUPLICATE;MALFORMED;QUARTERLY_PARTIAL;SOURCE_UNVERIFIED;TOPLINE_RESPONSE_UNRELIABLE
161005,2024-06-30,INTERIM,100,100,0.9164000000000001,0.944,0.970762711864407,0.027599999999999847,0.001,0.056100000000000004,TOP_N_TRUNCATED,ROWS_AT_TOPLINE,TOPLINE_RESPONSE_UNRELIABLE,AVAILABLE,,UNVERIFIED,TOPLINE_LIMIT;TOPLINE_RESPONSE_UNRELIABLE
161005,2024-09-30,Q3,43,100,0.6275999999999999,0.9449999999999998,0.6641269841269841,0.3173999999999999,0.0011,0.059800000000000006,PARTIAL,QUARTERLY_SOURCE_UNVERIFIED,SOURCE_UNVERIFIED,AVAILABLE,,UNVERIFIED,QUARTERLY_PARTIAL;SOURCE_UNVERIFIED;TOPLINE_RESPONSE_UNRELIABLE
161005,2024-12-31,ANNUAL,100,100,0.9025000000000001,0.9448,0.9552286198137173,0.04229999999999989,0.0011,0.0594,TOP_N_TRUNCATED,ROWS_AT_TOPLINE,TOPLINE_RESPONSE_UNRELIABLE,AVAILABLE,,UNVERIFIED,TOPLINE_LIMIT;TOPLINE_RESPONSE_UNRELIABLE
161005,2025-03-31,Q1,39,100,0.6713,0.9448999999999999,0.7104455497936291,0.27359999999999984,0.0016,0.061799999999999994,PARTIAL,QUARTERLY_SOURCE_UNVERIFIED,SOURCE_UNVERIFIED,AVAILABLE,,UNVERIFIED,QUARTERLY_PARTIAL;SOURCE_UNVERIFIED;TOPLINE_RESPONSE_UNRELIABLE
161005,2025-06-30,INTERIM,100,100,0.8781999999999999,0.9440999999999999,0.9301980722381102,0.06590000000000007,0.0011,0.0599,TOP_N_TRUNCATED,ROWS_AT_TOPLINE,TOPLINE_RESPONSE_UNRELIABLE,AVAILABLE,,UNVERIFIED,TOPLINE_LIMIT;TOPLINE_RESPONSE_UNRELIABLE
161005,2025-09-30,Q3,26,100,0.5115999999999999,0.9442,0.5418343571277271,0.4326000000000001,0.0024,0.0547,PARTIAL,QUARTERLY_SOURCE_UNVERIFIED,SOURCE_UNVERIFIED,AVAILABLE,,UNVERIFIED,QUARTERLY_PARTIAL;SOURCE_UNVERIFIED;TOPLINE_RESPONSE_UNRELIABLE
161005,2025-12-31,ANNUAL,100,100,0.8764999999999998,0.9437,0.9287909293207586,0.06720000000000015,0.0012,0.0625,TOP_N_TRUNCATED,ROWS_AT_TOPLINE,TOPLINE_RESPONSE_UNRELIABLE,AVAILABLE,,UNVERIFIED,TOPLINE_LIMIT;TOPLINE_RESPONSE_UNRELIABLE
161005,2026-03-31,Q1,33,100,0.5662999999999999,0.9447,0.5994495607071028,0.37840000000000007,0.0014000000000000002,0.0771,PARTIAL,QUARTERLY_SOURCE_UNVERIFIED,SOURCE_UNVERIFIED,AVAILABLE,,UNVERIFIED,QUARTERLY_PARTIAL;SOURCE_UNVERIFIED;TOPLINE_RESPONSE_UNRELIABLE
161005,2026-06-30,INTERIM,10,100,0.4437000000000001,0.9433,0.4703699777377293,0.49959999999999993,0.0194,0.08560000000000001,TOP10,TOP10_ROW_PATTERN,TOPLINE_RESPONSE_UNRELIABLE,AVAILABLE,,UNVERIFIED,TOPLINE_RESPONSE_UNRELIABLE
