序号,股票代码,股票名称,占净值比例,持股数,持仓市值,季度,fetch_year
1,600519,贵州茅台,7.09,138.0,237222.0,2022年1季度股票投资明细,2022
2,300750,宁德时代,4.9,320.0,163936.0,2022年1季度股票投资明细,2022
3,002142,宁波银行,4.47,4000.0,149560.0,2022年1季度股票投资明细,2022
4,600887,伊利股份,4.41,4000.0,147560.0,2022年1季度股票投资明细,2022
5,603501,韦尔股份,3.47,600.0,116040.0,2022年1季度股票投资明细,2022
6,603259,药明康德,3.33,990.95,111363.32,2022年1季度股票投资明细,2022
7,000858,五粮液,3.29,710.0,110092.6,2022年1季度股票投资明细,2022
8,002475,立讯精密,2.42,2550.08,80837.54,2022年1季度股票投资明细,2022
9,300760,迈瑞医疗,2.39,260.06,79902.05,2022年1季度股票投资明细,2022
10,002271,东方雨虹,2.18,1624.58,73008.63,2022年1季度股票投资明细,2022
11,300285,国瓷材料,2.17,2100.0,72660.0,2022年1季度股票投资明细,2022
12,300628,亿联网络,1.93,829.38,64484.3,2022年1季度股票投资明细,2022
13,002430,杭氧股份,1.92,2237.17,64162.04,2022年1季度股票投资明细,2022
14,601717,郑煤机,1.7,4130.76,56756.7,2022年1季度股票投资明细,2022
15,002507,涪陵榨菜,1.65,1700.0,55267.0,2022年1季度股票投资明细,2022
16,002402,和而泰,1.58,3000.0,52800.0,2022年1季度股票投资明细,2022
17,600729,重庆百货,1.55,1987.13,51903.87,2022年1季度股票投资明细,2022
18,600845,宝信软件,1.46,1000.0,48750.0,2022年1季度股票投资明细,2022
19,002409,雅克科技,1.38,900.89,46161.76,2022年1季度股票投资明细,2022
20,002643,万润股份,1.24,2300.0,41607.0,2022年1季度股票投资明细,2022
21,002353,杰瑞股份,1.19,947.31,39929.12,2022年1季度股票投资明细,2022
22,600600,青岛啤酒,1.18,500.0,39505.0,2022年1季度股票投资明细,2022
23,300470,中密控股,1.11,1000.31,37011.45,2022年1季度股票投资明细,2022
24,603236,移远通信,1.07,200.0,35812.0,2022年1季度股票投资明细,2022
25,300226,上海钢联,0.94,925.13,31408.16,2022年1季度股票投资明细,2022
26,300573,兴齐眼药,0.81,300.0,27063.0,2022年1季度股票投资明细,2022
27,601636,旗滨集团,0.79,2000.99,26553.1,2022年1季度股票投资明细,2022
28,601155,新城控股,0.77,800.0,25736.0,2022年1季度股票投资明细,2022
29,300979,华利集团,0.68,313.29,22769.6,2022年1季度股票投资明细,2022
30,300910,瑞丰新材,0.65,430.84,21744.67,2022年1季度股票投资明细,2022
31,603129,春风动力,0.63,208.25,21106.31,2022年1季度股票投资明细,2022
32,002463,沪电股份,0.53,1350.49,17880.43,2022年1季度股票投资明细,2022
33,002444,巨星科技,0.49,1000.05,16460.74,2022年1季度股票投资明细,2022
34,002747,埃斯顿,0.48,800.0,16088.0,2022年1季度股票投资明细,2022
35,002653,海思科,0.43,900.0,14355.0,2022年1季度股票投资明细,2022
36,603901,永创智能,0.36,900.0,12087.0,2022年1季度股票投资明细,2022
37,002534,西子洁能,0.31,520.42,10450.01,2022年1季度股票投资明细,2022
38,002158,汉钟精机,0.29,530.58,9741.45,2022年1季度股票投资明细,2022
39,603699,纽威股份,0.21,800.0,6984.03,2022年1季度股票投资明细,2022
40,300285,国瓷材料,,2000.0,78260.0,2022年1季度股票投资明细,2022
41,600519,贵州茅台,7.73,140.0,286300.0,2022年2季度股票投资明细,2022
42,300750,宁德时代,5.05,350.15,186980.42,2022年2季度股票投资明细,2022
43,000858,五粮液,4.24,778.0,157101.54,2022年2季度股票投资明细,2022
44,600887,伊利股份,3.68,3500.0,136325.0,2022年2季度股票投资明细,2022
45,002142,宁波银行,3.48,3600.0,128916.0,2022年2季度股票投资明细,2022
46,603501,韦尔股份,3.18,680.0,117660.4,2022年2季度股票投资明细,2022
47,002271,东方雨虹,2.82,2031.0,104535.31,2022年2季度股票投资明细,2022
48,603259,药明康德,2.81,1000.0,103990.0,2022年2季度股票投资明细,2022
49,002475,立讯精密,2.55,2800.08,94614.7,2022年2季度股票投资明细,2022
50,300059,东方财富,2.47,3600.59,91454.87,2022年2季度股票投资明细,2022
51,300760,迈瑞医疗,2.11,250.0,78300.0,2022年2季度股票投资明细,2022
52,300628,亿联网络,2.05,1000.0,76150.0,2022年2季度股票投资明细,2022
53,601717,郑煤机,2.02,5200.75,74942.86,2022年2季度股票投资明细,2022
54,300285,国瓷材料,1.94,2000.0,71840.0,2022年2季度股票投资明细,2022
55,002409,雅克科技,1.8,1200.01,66612.51,2022年2季度股票投资明细,2022
56,002353,杰瑞股份,1.74,1600.0,64480.0,2022年2季度股票投资明细,2022
57,000596,古井贡酒,1.68,250.0,62415.0,2022年2季度股票投资明细,2022
58,600845,宝信软件,1.62,1100.0,60060.0,2022年2季度股票投资明细,2022
59,002430,杭氧股份,1.6,1900.0,59394.0,2022年2季度股票投资明细,2022
60,002402,和而泰,1.54,3000.0,57180.0,2022年2季度股票投资明细,2022
61,600309,万华化学,1.47,560.27,54340.63,2022年2季度股票投资明细,2022
62,300782,卓胜微,1.46,400.1,54013.46,2022年2季度股票投资明细,2022
63,300573,兴齐眼药,1.45,350.56,53747.91,2022年2季度股票投资明细,2022
64,002643,万润股份,1.41,2500.99,52170.62,2022年2季度股票投资明细,2022
65,300979,华利集团,1.18,600.78,43904.72,2022年2季度股票投资明细,2022
66,300015,爱尔眼科,1.12,930.51,41659.03,2022年2季度股票投资明细,2022
67,002594,比亚迪,1.08,120.01,40021.77,2022年2季度股票投资明细,2022
68,600426,华鲁恒升,0.99,1250.11,36503.26,2022年2季度股票投资明细,2022
69,601888,中国中免,0.94,150.0,34939.5,2022年2季度股票投资明细,2022
70,002507,涪陵榨菜,0.93,1000.0,34520.0,2022年2季度股票投资明细,2022
71,601636,旗滨集团,0.93,2700.98,34437.49,2022年2季度股票投资明细,2022
72,600031,三一重工,0.93,1800.0,34308.0,2022年2季度股票投资明细,2022
73,300470,中密控股,0.91,957.25,33781.33,2022年2季度股票投资明细,2022
74,002352,顺丰控股,0.9,600.0,33486.0,2022年2季度股票投资明细,2022
75,603129,春风动力,0.89,290.26,33007.89,2022年2季度股票投资明细,2022
76,002812,恩捷股份,0.81,120.02,30059.01,2022年2季度股票投资明细,2022
77,300226,上海钢联,0.79,1295.18,29335.87,2022年2季度股票投资明细,2022
78,300014,亿纬锂能,0.79,300.0,29250.0,2022年2季度股票投资明细,2022
79,002444,巨星科技,0.76,1500.0,28260.0,2022年2季度股票投资明细,2022
80,002463,沪电股份,0.76,1900.12,28045.73,2022年2季度股票投资明细,2022
81,300767,震安科技,0.74,469.61,27321.82,2022年2季度股票投资明细,2022
82,300910,瑞丰新材,0.74,430.84,27237.92,2022年2季度股票投资明细,2022
83,002311,海大集团,0.65,400.0,24004.0,2022年2季度股票投资明细,2022
84,600729,重庆百货,0.58,1000.0,21570.0,2022年2季度股票投资明细,2022
85,600522,中天科技,0.56,900.0,20789.91,2022年2季度股票投资明细,2022
86,600600,青岛啤酒,0.56,200.0,20784.0,2022年2季度股票投资明细,2022
87,002555,三七互娱,0.54,948.38,20134.17,2022年2季度股票投资明细,2022
88,002920,德赛西威,0.54,135.49,20052.52,2022年2季度股票投资明细,2022
89,000661,长春高新,0.54,85.2,19887.38,2022年2季度股票投资明细,2022
90,600438,通威股份,0.52,320.7,19197.13,2022年2季度股票投资明细,2022
91,688621,阳光诺和,0.5,170.91,18697.7,2022年2季度股票投资明细,2022
92,600859,王府井,0.47,663.63,17240.98,2022年2季度股票投资明细,2022
93,300496,中科创达,0.41,116.21,15163.08,2022年2季度股票投资明细,2022
94,002653,海思科,0.39,900.0,14499.0,2022年2季度股票投资明细,2022
95,600862,中航高科,0.38,500.0,14050.08,2022年2季度股票投资明细,2022
96,600690,海尔智家,0.37,500.0,13730.0,2022年2季度股票投资明细,2022
97,601012,隆基绿能,0.33,182.27,12144.94,2022年2季度股票投资明细,2022
98,002810,山东赫达,0.32,328.43,11951.42,2022年2季度股票投资明细,2022
99,600938,中国海油,0.31,650.67,11340.81,2022年2季度股票投资明细,2022
100,000501,武商集团,0.3,1000.07,11100.73,2022年2季度股票投资明细,2022
101,300662,科锐国际,0.29,209.84,10888.51,2022年2季度股票投资明细,2022
102,603901,永创智能,0.29,800.0,10808.0,2022年2季度股票投资明细,2022
103,603236,移远通信,0.29,80.33,10736.45,2022年2季度股票投资明细,2022
104,600436,片仔癀,0.29,30.0,10701.9,2022年2季度股票投资明细,2022
105,002738,中矿资源,0.28,110.25,10210.62,2022年2季度股票投资明细,2022
106,002179,中航光电,0.26,150.0,9498.0,2022年2季度股票投资明细,2022
107,600803,新奥股份,0.25,500.59,9305.97,2022年2季度股票投资明细,2022
108,300777,中简科技,0.23,187.56,8524.5,2022年2季度股票投资明细,2022
109,603127,昭衍新药,0.22,70.4,8011.06,2022年2季度股票投资明细,2022
110,603606,东方电缆,0.21,99.99,7659.49,2022年2季度股票投资明细,2022
111,603181,皇马科技,0.2,502.87,7588.32,2022年2季度股票投资明细,2022
112,002747,埃斯顿,0.2,300.0,7350.0,2022年2季度股票投资明细,2022
113,002415,海康威视,0.2,200.0,7240.03,2022年2季度股票投资明细,2022
114,605376,博迁新材,0.19,117.6,6856.08,2022年2季度股票投资明细,2022
115,601689,拓普集团,0.18,100.08,6848.47,2022年2季度股票投资明细,2022
116,603833,欧派家居,0.16,40.28,6070.04,2022年2季度股票投资明细,2022
117,601838,成都银行,0.13,300.83,4987.76,2022年2季度股票投资明细,2022
118,600298,安琪酵母,0.13,100.97,4922.29,2022年2季度股票投资明细,2022
119,603197,保隆科技,0.13,100.0,4918.97,2022年2季度股票投资明细,2022
120,002534,西子洁能,0.13,300.01,4887.15,2022年2季度股票投资明细,2022
121,688131,皓元医药,0.12,31.97,4542.36,2022年2季度股票投资明细,2022
122,300253,卫宁健康,0.12,500.0,4390.03,2022年2季度股票投资明细,2022
123,688016,心脉医疗,0.11,20.84,4060.27,2022年2季度股票投资明细,2022
124,300725,药石科技,0.11,40.68,4026.91,2022年2季度股票投资明细,2022
125,600188,兖矿能源,0.11,100.0,3948.08,2022年2季度股票投资明细,2022
126,600497,驰宏锌锗,0.11,755.35,3920.27,2022年2季度股票投资明细,2022
127,603960,克来机电,0.1,180.0,3699.0,2022年2季度股票投资明细,2022
128,300896,爱美客,0.1,6.08,3645.84,2022年2季度股票投资明细,2022
129,002027,分众传媒,0.09,500.0,3365.0,2022年2季度股票投资明细,2022
130,600754,锦江酒店,0.08,50.0,3145.0,2022年2季度股票投资明细,2022
131,688789,宏华数科,0.08,19.04,3135.02,2022年2季度股票投资明细,2022
132,002466,天齐锂业,0.08,25.0,3120.0,2022年2季度股票投资明细,2022
133,688169,石头科技,0.08,5.01,3088.56,2022年2季度股票投资明细,2022
134,300408,三环集团,0.08,100.99,3039.8,2022年2季度股票投资明细,2022
135,000768,中航西飞,0.08,100.0,3029.0,2022年2季度股票投资明细,2022
136,300696,爱乐达,0.08,66.66,2929.71,2022年2季度股票投资明细,2022
137,300122,智飞生物,0.08,26.23,2911.79,2022年2季度股票投资明细,2022
138,300143,盈康生命,0.08,253.71,2879.64,2022年2季度股票投资明细,2022
139,603599,广信股份,0.08,100.0,2815.0,2022年2季度股票投资明细,2022
140,600208,衢州发展,0.07,1000.0,2760.0,2022年2季度股票投资明细,2022
141,600519,贵州茅台,8.56,145.0,271512.5,2022年3季度股票投资明细,2022
142,300750,宁德时代,4.42,350.0,140311.5,2022年3季度股票投资明细,2022
143,000858,五粮液,4.37,820.0,138768.6,2022年3季度股票投资明细,2022
144,002142,宁波银行,3.78,3800.0,119890.0,2022年3季度股票投资明细,2022
145,600887,伊利股份,3.17,3050.0,100589.0,2022年3季度股票投资明细,2022
146,300760,迈瑞医疗,3.02,320.0,95680.0,2022年3季度股票投资明细,2022
147,601717,郑煤机,2.78,6800.0,88332.0,2022年3季度股票投资明细,2022
148,002475,立讯精密,2.78,3000.0,88200.0,2022年3季度股票投资明细,2022
149,603259,药明康德,2.62,1160.09,83167.0,2022年3季度股票投资明细,2022
150,002409,雅克科技,2.33,1200.01,73788.65,2022年3季度股票投资明细,2022
151,300628,亿联网络,1.99,1000.0,63000.0,2022年3季度股票投资明细,2022
152,600426,华鲁恒升,1.98,2150.84,62739.94,2022年3季度股票投资明细,2022
153,002353,杰瑞股份,1.85,1800.0,58734.0,2022年3季度股票投资明细,2022
154,300285,国瓷材料,1.83,2000.0,57940.0,2022年3季度股票投资明细,2022
155,300910,瑞丰新材,1.75,500.82,55481.21,2022年3季度股票投资明细,2022
156,600938,中国海油,1.59,3191.86,50527.11,2022年3季度股票投资明细,2022
157,300699,光威复材,1.52,582.73,48314.23,2022年3季度股票投资明细,2022
158,002643,万润股份,1.52,3300.0,48114.05,2022年3季度股票投资明细,2022
159,603129,春风动力,1.27,300.0,40350.0,2022年3季度股票投资明细,2022
160,600729,重庆百货,1.23,1900.0,39007.0,2022年3季度股票投资明细,2022
161,600845,宝信软件,1.16,1000.0,36790.0,2022年3季度股票投资明细,2022
162,002402,和而泰,1.16,2500.0,36700.0,2022年3季度股票投资明细,2022
163,300470,中密控股,1.12,1000.16,35635.7,2022年3季度股票投资明细,2022
164,002430,杭氧股份,1.08,1000.0,34290.0,2022年3季度股票投资明细,2022
165,300573,兴齐眼药,1.07,372.18,33812.12,2022年3季度股票投资明细,2022
166,002653,海思科,0.91,1500.21,28743.99,2022年3季度股票投资明细,2022
167,301050,雷电微力,0.86,380.19,27373.51,2022年3季度股票投资明细,2022
168,603181,皇马科技,0.8,1640.56,25477.85,2022年3季度股票投资明细,2022
169,300226,上海钢联,0.7,1295.18,22303.03,2022年3季度股票投资明细,2022
170,300979,华利集团,0.63,416.31,19941.32,2022年3季度股票投资明细,2022
171,688621,阳光诺和,0.59,234.33,18652.64,2022年3季度股票投资明细,2022
172,002810,山东赫达,0.44,492.04,13924.79,2022年3季度股票投资明细,2022
173,000501,武商集团,0.32,1000.07,10280.68,2022年3季度股票投资明细,2022
174,603901,永创智能,0.3,750.99,9484.95,2022年3季度股票投资明细,2022
175,688658,悦康药业,0.1,201.85,3070.15,2022年3季度股票投资明细,2022
176,600519,贵州茅台,8.19,155.0,267685.0,2022年4季度股票投资明细,2022
177,000858,五粮液,3.98,720.0,130096.8,2022年4季度股票投资明细,2022
178,300750,宁德时代,3.67,305.0,119993.1,2022年4季度股票投资明细,2022
179,002142,宁波银行,3.47,3500.0,113575.0,2022年4季度股票投资明细,2022
180,603259,药明康德,2.97,1200.0,97200.0,2022年4季度股票投资明细,2022
181,300760,迈瑞医疗,2.9,300.0,94791.0,2022年4季度股票投资明细,2022
182,300910,瑞丰新材,2.62,700.08,85830.8,2022年4季度股票投资明细,2022
183,300059,东方财富,2.49,4200.0,81480.0,2022年4季度股票投资明细,2022
184,300015,爱尔眼科,2.47,2600.99,80812.68,2022年4季度股票投资明细,2022
185,600426,华鲁恒升,2.23,2200.27,72938.82,2022年4季度股票投资明细,2022
186,002475,立讯精密,1.94,2000.0,63500.0,2022年4季度股票投资明细,2022
187,600887,伊利股份,1.9,2000.0,62000.0,2022年4季度股票投资明细,2022
188,300628,亿联网络,1.85,1000.0,60590.0,2022年4季度股票投资明细,2022
189,601717,郑煤机,1.71,5000.0,55800.0,2022年4季度股票投资明细,2022
190,600309,万华化学,1.7,600.0,55590.0,2022年4季度股票投资明细,2022
191,300285,国瓷材料,1.6,1900.47,52395.97,2022年4季度股票投资明细,2022
192,002409,雅克科技,1.54,1000.0,50370.0,2022年4季度股票投资明细,2022
193,600938,中国海油,1.53,3300.0,50160.0,2022年4季度股票投资明细,2022
194,600436,片仔癀,1.5,170.08,49061.39,2022年4季度股票投资明细,2022
195,300573,兴齐眼药,1.47,385.08,48165.21,2022年4季度股票投资明细,2022
196,600729,重庆百货,1.44,1990.95,47086.07,2022年4季度股票投资明细,2022
197,002643,万润股份,1.34,3000.0,43980.0,2022年4季度股票投资明细,2022
198,300699,光威复材,1.33,600.0,43350.0,2022年4季度股票投资明细,2022
199,601888,中国中免,1.29,195.0,42125.85,2022年4季度股票投资明细,2022
200,002271,东方雨虹,1.23,1200.0,40284.16,2022年4季度股票投资明细,2022
201,688621,阳光诺和,1.22,390.9,40028.23,2022年4季度股票投资明细,2022
202,300470,中密控股,1.19,1000.16,38916.23,2022年4季度股票投资明细,2022
203,603501,韦尔股份,1.18,500.0,38545.0,2022年4季度股票投资明细,2022
204,002352,顺丰控股,1.1,619.99,35810.71,2022年4季度股票投资明细,2022
205,300226,上海钢联,1.09,1290.64,35763.6,2022年4季度股票投资明细,2022
206,603882,金域医学,1.08,450.18,35204.31,2022年4季度股票投资明细,2022
207,600600,青岛啤酒,0.99,300.0,32250.0,2022年4季度股票投资明细,2022
208,600845,宝信软件,0.96,700.0,31360.0,2022年4季度股票投资明细,2022
209,688385,复旦微电,0.96,460.76,31245.84,2022年4季度股票投资明细,2022
210,300124,汇川技术,0.91,430.1,29892.17,2022年4季度股票投资明细,2022
211,002180,纳思达,0.87,545.19,28289.91,2022年4季度股票投资明细,2022
212,002353,杰瑞股份,0.85,1000.0,27910.0,2022年4季度股票投资明细,2022
213,300759,康龙化成,0.84,410.58,27582.0,2022年4季度股票投资明细,2022
214,300487,蓝晓科技,0.81,380.44,26474.48,2022年4季度股票投资明细,2022
215,600859,王府井,0.79,920.49,25902.47,2022年4季度股票投资明细,2022
216,300274,阳光电源,0.79,230.06,25720.81,2022年4季度股票投资明细,2022
217,688389,普门科技,0.76,1420.9,24863.45,2022年4季度股票投资明细,2022
218,603129,春风动力,0.75,216.65,24377.57,2022年4季度股票投资明细,2022
219,603855,华荣股份,0.73,1050.48,24006.1,2022年4季度股票投资明细,2022
220,301050,雷电微力,0.71,300.0,23151.0,2022年4季度股票投资明细,2022
221,002653,海思科,0.68,1000.0,22250.0,2022年4季度股票投资明细,2022
222,603181,皇马科技,0.65,1500.0,21206.42,2022年4季度股票投资明细,2022
223,300896,爱美客,0.63,36.15,20474.63,2022年4季度股票投资明细,2022
224,300979,华利集团,0.61,350.07,19992.59,2022年4季度股票投资明细,2022
225,002430,杭氧股份,0.6,500.0,19680.0,2022年4季度股票投资明细,2022
226,688658,悦康药业,0.59,1000.36,19327.04,2022年4季度股票投资明细,2022
227,002444,巨星科技,0.58,1000.34,18986.45,2022年4季度股票投资明细,2022
228,002311,海大集团,0.57,300.0,18519.0,2022年4季度股票投资明细,2022
229,688111,金山办公,0.49,60.0,15869.4,2022年4季度股票投资明细,2022
230,000690,宝新能源,0.48,2401.35,15608.75,2022年4季度股票投资明细,2022
231,600153,建发股份,0.45,1080.0,14742.0,2022年4季度股票投资明细,2022
232,600941,中国移动,0.45,215.08,14554.48,2022年4季度股票投资明细,2022
233,603901,永创智能,0.43,886.33,14003.95,2022年4季度股票投资明细,2022
234,601369,陕鼓动力,0.42,1200.0,13752.0,2022年4季度股票投资明细,2022
235,002738,中矿资源,0.41,200.0,13332.0,2022年4季度股票投资明细,2022
236,002415,海康威视,0.4,380.0,13178.43,2022年4季度股票投资明细,2022
237,300887,谱尼测试,0.39,395.59,12900.11,2022年4季度股票投资明细,2022
238,600031,三一重工,0.38,780.41,12330.48,2022年4季度股票投资明细,2022
239,600690,海尔智家,0.37,500.0,12230.0,2022年4季度股票投资明细,2022
240,688008,澜起科技,0.34,186.0,11013.84,2022年4季度股票投资明细,2022
241,688198,佰仁医疗,0.32,81.72,10541.66,2022年4季度股票投资明细,2022
242,603306,华懋科技,0.32,292.0,10372.52,2022年4季度股票投资明细,2022
243,300253,卫宁健康,0.27,857.4,8814.07,2022年4季度股票投资明细,2022
244,600803,新奥股份,0.26,518.7,8351.13,2022年4季度股票投资明细,2022
245,600570,恒生电子,0.25,200.0,8092.15,2022年4季度股票投资明细,2022
246,002812,恩捷股份,0.22,56.0,7351.58,2022年4季度股票投资明细,2022
247,002402,和而泰,0.22,500.0,7290.0,2022年4季度股票投资明细,2022
248,300767,震安科技,0.22,151.51,7083.07,2022年4季度股票投资明细,2022
249,688063,派能科技,0.2,20.33,6416.6,2022年4季度股票投资明细,2022
250,688625,呈和科技,0.2,130.69,6393.53,2022年4季度股票投资明细,2022
251,002179,中航光电,0.18,100.0,5776.0,2022年4季度股票投资明细,2022
252,300496,中科创达,0.14,48.54,4618.92,2022年4季度股票投资明细,2022
253,603305,旭升集团,0.14,157.0,4574.98,2022年4季度股票投资明细,2022
254,600298,安琪酵母,0.14,100.0,4522.0,2022年4季度股票投资明细,2022
255,601899,紫金矿业,0.14,450.08,4500.78,2022年4季度股票投资明细,2022
256,300957,贝泰妮,0.14,30.0,4477.2,2022年4季度股票投资明细,2022
257,300014,亿纬锂能,0.13,50.0,4395.0,2022年4季度股票投资明细,2022
258,688789,宏华数科,0.13,25.3,4367.09,2022年4季度股票投资明细,2022
259,603833,欧派家居,0.12,33.54,4076.64,2022年4季度股票投资明细,2022
260,002463,沪电股份,0.12,320.0,3808.0,2022年4季度股票投资明细,2022
261,002555,三七互娱,0.11,200.13,3622.32,2022年4季度股票投资明细,2022
262,000501,武商集团,0.1,300.0,3360.0,2022年4季度股票投资明细,2022
263,002027,分众传媒,0.1,500.0,3340.0,2022年4季度股票投资明细,2022
264,603197,保隆科技,0.1,68.04,3218.26,2022年4季度股票投资明细,2022
265,603169,兰石重装,0.1,500.53,3173.33,2022年4季度股票投资明细,2022
266,603599,广信股份,0.09,100.0,2940.0,2022年4季度股票投资明细,2022
267,600754,锦江酒店,0.09,50.0,2917.5,2022年4季度股票投资明细,2022
268,600009,上海机场,0.09,50.0,2885.5,2022年4季度股票投资明细,2022
269,688232,新点软件,0.08,46.66,2662.63,2022年4季度股票投资明细,2022
270,002244,滨江集团,0.08,300.0,2649.0,2022年4季度股票投资明细,2022
271,002709,天赐材料,0.08,60.0,2631.6,2022年4季度股票投资明细,2022
272,688533,上声电子,0.08,44.09,2530.52,2022年4季度股票投资明细,2022
273,300782,卓胜微,0.07,20.99,2399.39,2022年4季度股票投资明细,2022
274,002810,山东赫达,0.07,100.0,2242.04,2022年4季度股票投资明细,2022
275,688072,拓荆科技,0.07,10.03,2174.18,2022年4季度股票投资明细,2022
1,600519,贵州茅台,8.33,155.0,282100.0,2023年1季度股票投资明细,2023
2,603882,金域医学,3.17,1220.0,107482.0,2023年1季度股票投资明细,2023
3,000858,五粮液,2.91,500.0,98500.0,2023年1季度股票投资明细,2023
4,300760,迈瑞医疗,2.67,290.0,90395.9,2023年1季度股票投资明细,2023
5,300015,爱尔眼科,2.66,2900.07,90105.04,2023年1季度股票投资明细,2023
6,300487,蓝晓科技,2.58,920.0,87501.2,2023年1季度股票投资明细,2023
7,300059,东方财富,2.48,4200.0,84126.0,2023年1季度股票投资明细,2023
8,002142,宁波银行,2.42,3000.0,81930.0,2023年1季度股票投资明细,2023
9,300750,宁德时代,2.4,200.0,81210.0,2023年1季度股票投资明细,2023
10,600426,华鲁恒升,2.34,2250.0,79312.5,2023年1季度股票投资明细,2023
11,300910,瑞丰新材,2.24,684.08,75973.92,2023年1季度股票投资明细,2023
12,601717,郑煤机,1.99,4800.0,67488.0,2023年1季度股票投资明细,2023
13,300628,亿联网络,1.98,880.0,66888.8,2023年1季度股票投资明细,2023
14,603129,春风动力,1.68,450.02,56734.1,2023年1季度股票投资明细,2023
15,300285,国瓷材料,1.67,2000.0,56680.0,2023年1季度股票投资明细,2023
16,002643,万润股份,1.63,3200.0,55136.0,2023年1季度股票投资明细,2023
17,600729,重庆百货,1.59,1990.95,53994.68,2023年1季度股票投资明细,2023
18,300226,上海钢联,1.53,1270.0,51917.6,2023年1季度股票投资明细,2023
19,600938,中国海油,1.51,3000.0,51120.0,2023年1季度股票投资明细,2023
20,300573,兴齐眼药,1.5,385.08,50648.94,2023年1季度股票投资明细,2023
21,300470,中密控股,1.28,1000.16,43226.92,2023年1季度股票投资明细,2023
22,002409,雅克科技,1.23,800.0,41680.0,2023年1季度股票投资明细,2023
23,600060,海信视像,1.22,2100.54,41443.66,2023年1季度股票投资明细,2023
24,688621,阳光诺和,1.2,363.48,40673.81,2023年1季度股票投资明细,2023
25,688389,普门科技,1.19,1490.32,40298.33,2023年1季度股票投资明细,2023
26,688385,复旦微电,1.18,611.75,40045.42,2023年1季度股票投资明细,2023
27,603855,华荣股份,1.01,1200.0,34188.0,2023年1季度股票投资明细,2023
28,600859,王府井,0.89,1200.0,29988.0,2023年1季度股票投资明细,2023
29,002653,海思科,0.88,1200.0,29892.0,2023年1季度股票投资明细,2023
30,688658,悦康药业,0.86,1420.29,29215.41,2023年1季度股票投资明细,2023
31,002353,杰瑞股份,0.67,800.0,22656.0,2023年1季度股票投资明细,2023
32,000690,宝新能源,0.5,2804.76,16968.77,2023年1季度股票投资明细,2023
33,300979,华利集团,0.47,300.0,15756.0,2023年1季度股票投资明细,2023
34,300887,谱尼测试,0.45,410.59,15331.34,2023年1季度股票投资明细,2023
35,603306,华懋科技,0.43,392.58,14529.39,2023年1季度股票投资明细,2023
36,603901,永创智能,0.4,910.33,13554.76,2023年1季度股票投资明细,2023
37,300856,科思股份,0.28,176.1,9429.89,2023年1季度股票投资明细,2023
38,688625,呈和科技,0.27,200.0,9170.0,2023年1季度股票投资明细,2023
39,600694,大商股份,0.12,212.17,4075.87,2023年1季度股票投资明细,2023
40,688533,上声电子,0.1,75.51,3317.79,2023年1季度股票投资明细,2023
41,300628,亿联网络,,1030.4,62772.27,2023年1季度股票投资明细,2023
42,600519,贵州茅台,8.15,155.0,262105.0,2023年2季度股票投资明细,2023
43,300573,兴齐眼药,2.86,430.02,91937.87,2023年2季度股票投资明细,2023
44,002142,宁波银行,2.83,3600.7,91097.76,2023年2季度股票投资明细,2023
45,603882,金域医学,2.58,1100.0,83050.0,2023年2季度股票投资明细,2023
46,603129,春风动力,2.52,500.0,80950.1,2023年2季度股票投资明细,2023
47,300015,爱尔眼科,2.42,4200.87,77926.17,2023年2季度股票投资明细,2023
48,300760,迈瑞医疗,2.33,250.0,74950.0,2023年2季度股票投资明细,2023
49,300487,蓝晓科技,2.33,1200.0,74904.0,2023年2季度股票投资明细,2023
50,300750,宁德时代,2.28,320.0,73212.8,2023年2季度股票投资明细,2023
51,300285,国瓷材料,2.13,2500.0,68500.0,2023年2季度股票投资明细,2023
52,600426,华鲁恒升,2.1,2200.0,67386.0,2023年2季度股票投资明细,2023
53,300910,瑞丰新材,2.03,1300.32,65406.3,2023年2季度股票投资明细,2023
54,002271,东方雨虹,1.95,2300.45,62710.18,2023年2季度股票投资明细,2023
55,002475,立讯精密,1.95,1930.3,62638.14,2023年2季度股票投资明细,2023
56,002643,万润股份,1.9,3500.56,60944.75,2023年2季度股票投资明细,2023
57,600729,重庆百货,1.87,1907.47,59970.86,2023年2季度股票投资明细,2023
58,600436,片仔癀,1.78,200.0,57272.0,2023年2季度股票投资明细,2023
59,600060,海信视像,1.69,2200.0,54450.0,2023年2季度股票投资明细,2023
60,000858,五粮液,1.68,330.0,53978.1,2023年2季度股票投资明细,2023
61,600938,中国海油,1.58,2800.0,50736.0,2023年2季度股票投资明细,2023
62,300274,阳光电源,1.45,400.0,46652.0,2023年2季度股票投资明细,2023
63,300470,中密控股,1.44,1000.16,46227.4,2023年2季度股票投资明细,2023
64,600309,万华化学,1.37,500.0,43920.0,2023年2季度股票投资明细,2023
65,002409,雅克科技,1.25,550.0,40084.0,2023年2季度股票投资明细,2023
66,300124,汇川技术,1.24,620.46,39839.88,2023年2季度股票投资明细,2023
67,601021,春秋航空,1.22,680.63,39115.65,2023年2季度股票投资明细,2023
68,300628,亿联网络,1.2,1100.81,38605.23,2023年2季度股票投资明细,2023
69,688389,普门科技,1.2,1640.68,38539.53,2023年2季度股票投资明细,2023
70,601717,郑煤机,1.17,3030.0,37723.5,2023年2季度股票投资明细,2023
71,000651,格力电器,1.14,1000.0,36510.0,2023年2季度股票投资明细,2023
72,603035,常熟汽饰,1.12,1850.23,35949.89,2023年2季度股票投资明细,2023
73,688658,悦康药业,1.1,1700.51,35387.7,2023年2季度股票投资明细,2023
74,002352,顺丰控股,1.03,735.49,33163.3,2023年2季度股票投资明细,2023
75,300226,上海钢联,1.01,1000.0,32400.0,2023年2季度股票投资明细,2023
76,688621,阳光诺和,0.95,518.53,30500.1,2023年2季度股票投资明细,2023
77,601899,紫金矿业,0.92,2600.07,29562.79,2023年2季度股票投资明细,2023
78,600887,伊利股份,0.88,1000.0,28320.0,2023年2季度股票投资明细,2023
79,002444,巨星科技,0.83,1220.99,26715.2,2023年2季度股票投资明细,2023
80,688385,复旦微电,0.82,524.4,26272.32,2023年2季度股票投资明细,2023
81,000333,美的集团,0.79,430.78,25381.41,2023年2季度股票投资明细,2023
82,600600,青岛啤酒,0.74,230.0,23834.9,2023年2季度股票投资明细,2023
83,002653,海思科,0.72,1000.0,23112.5,2023年2季度股票投资明细,2023
84,603901,永创智能,0.7,1550.99,22582.41,2023年2季度股票投资明细,2023
85,000690,宝新能源,0.7,3206.85,22512.05,2023年2季度股票投资明细,2023
86,603305,旭升集团,0.69,800.58,22312.3,2023年2季度股票投资明细,2023
87,688111,金山办公,0.69,50.0,22283.7,2023年2季度股票投资明细,2023
88,000061,农产品,0.67,3600.0,21564.0,2023年2季度股票投资明细,2023
89,688071,华依科技,0.67,350.61,21439.61,2023年2季度股票投资明细,2023
90,603855,华荣股份,0.66,800.0,21280.0,2023年2季度股票投资明细,2023
91,600754,锦江酒店,0.66,500.01,21170.54,2023年2季度股票投资明细,2023
92,300979,华利集团,0.64,420.64,20501.89,2023年2季度股票投资明细,2023
93,300759,康龙化成,0.62,520.0,19905.6,2023年2季度股票投资明细,2023
94,603501,韦尔股份,0.61,200.0,19608.0,2023年2季度股票投资明细,2023
95,002738,中矿资源,0.59,374.93,19098.95,2023年2季度股票投资明细,2023
96,002353,杰瑞股份,0.59,750.0,18847.5,2023年2季度股票投资明细,2023
97,600941,中国移动,0.58,200.0,18660.0,2023年2季度股票投资明细,2023
98,300833,浩洋股份,0.58,170.3,18635.41,2023年2季度股票投资明细,2023
99,600694,大商股份,0.55,1000.0,17730.0,2023年2季度股票投资明细,2023
100,601058,赛轮轮胎,0.53,1501.0,17096.39,2023年2季度股票投资明细,2023
101,300887,谱尼测试,0.52,420.59,16646.86,2023年2季度股票投资明细,2023
102,300856,科思股份,0.5,202.87,15979.68,2023年2季度股票投资明细,2023
103,600803,新奥股份,0.47,804.13,15262.48,2023年2季度股票投资明细,2023
104,600858,银座股份,0.47,2501.58,15109.53,2023年2季度股票投资明细,2023
105,601985,中国核电,0.44,2006.43,14145.3,2023年2季度股票投资明细,2023
106,603259,药明康德,0.39,200.0,12462.0,2023年2季度股票投资明细,2023
107,002180,纳思达,0.38,358.69,12285.13,2023年2季度股票投资明细,2023
108,002244,滨江集团,0.36,1300.65,11471.73,2023年2季度股票投资明细,2023
109,002555,三七互娱,0.33,301.0,10498.71,2023年2季度股票投资明细,2023
110,300896,爱美客,0.28,20.01,8902.07,2023年2季度股票投资明细,2023
111,603896,寿仙谷,0.28,200.0,8860.0,2023年2季度股票投资明细,2023
112,688123,聚辰股份,0.27,162.36,8721.98,2023年2季度股票投资明细,2023
113,688625,呈和科技,0.26,221.52,8513.29,2023年2季度股票投资明细,2023
114,002984,森麒麟,0.23,231.0,7267.1,2023年2季度股票投资明细,2023
115,300316,晶盛机电,0.22,100.91,7154.5,2023年2季度股票投资明细,2023
116,300357,我武生物,0.21,200.31,6736.58,2023年2季度股票投资明细,2023
117,002415,海康威视,0.21,200.0,6622.0,2023年2季度股票投资明细,2023
118,600150,中国船舶,0.21,201.0,6614.91,2023年2季度股票投资明细,2023
119,601088,中国神华,0.19,200.0,6150.0,2023年2季度股票投资明细,2023
120,300724,捷佳伟创,0.18,50.3,5651.01,2023年2季度股票投资明细,2023
121,600809,山西汾酒,0.17,30.0,5552.1,2023年2季度股票投资明细,2023
122,600276,恒瑞医药,0.15,100.0,4790.0,2023年2季度股票投资明细,2023
123,603345,安井食品,0.12,27.65,3954.47,2023年2季度股票投资明细,2023
124,001979,招商蛇口,0.12,300.0,3909.0,2023年2季度股票投资明细,2023
125,002044,美年健康,0.12,539.07,3832.79,2023年2季度股票投资明细,2023
126,600031,三一重工,0.12,230.0,3824.9,2023年2季度股票投资明细,2023
127,600690,海尔智家,0.12,160.0,3756.8,2023年2季度股票投资明细,2023
128,688533,上声电子,0.11,75.51,3528.45,2023年2季度股票投资明细,2023
129,000975,山金国际,0.11,300.0,3510.0,2023年2季度股票投资明细,2023
130,603833,欧派家居,0.11,35.28,3379.94,2023年2季度股票投资明细,2023
131,301322,绿通科技,0.1,58.25,3270.71,2023年2季度股票投资明细,2023
132,688198,佰仁医疗,0.1,30.0,3183.3,2023年2季度股票投资明细,2023
133,002179,中航光电,0.09,65.0,2947.75,2023年2季度股票投资明细,2023
134,002812,恩捷股份,0.09,30.01,2890.98,2023年2季度股票投资明细,2023
135,603306,华懋科技,0.09,100.0,2888.0,2023年2季度股票投资明细,2023
136,688617,惠泰医疗,0.08,7.13,2665.62,2023年2季度股票投资明细,2023
137,600765,中航重机,0.08,100.08,2653.12,2023年2季度股票投资明细,2023
138,300767,震安科技,0.08,100.0,2536.0,2023年2季度股票投资明细,2023
139,603728,鸣志电器,0.07,30.0,2409.0,2023年2季度股票投资明细,2023
140,002920,德赛西威,0.07,15.03,2341.82,2023年2季度股票投资明细,2023
141,600372,中航机载,0.07,150.0,2277.0,2023年2季度股票投资明细,2023
142,600519,贵州茅台,8.74,150.0,269782.5,2023年3季度股票投资明细,2023
143,002142,宁波银行,3.31,3800.05,102107.23,2023年3季度股票投资明细,2023
144,002353,杰瑞股份,3.0,2900.0,92481.0,2023年3季度股票投资明细,2023
145,002475,立讯精密,2.7,2800.0,83496.0,2023年3季度股票投资明细,2023
146,600426,华鲁恒升,2.39,2300.0,73830.0,2023年3季度股票投资明细,2023
147,603882,金域医学,2.32,1150.24,71728.97,2023年3季度股票投资明细,2023
148,603129,春风动力,2.28,501.47,70306.09,2023年3季度股票投资明细,2023
149,300015,爱尔眼科,2.25,3860.0,69364.2,2023年3季度股票投资明细,2023
150,300285,国瓷材料,2.24,2528.59,69106.36,2023年3季度股票投资明细,2023
151,002271,东方雨虹,2.12,2450.0,65366.0,2023年3季度股票投资明细,2023
152,300573,兴齐眼药,2.03,420.01,62808.28,2023年3季度股票投资明细,2023
153,300910,瑞丰新材,2.03,1399.16,62528.33,2023年3季度股票投资明细,2023
154,002643,万润股份,1.96,3500.0,60410.0,2023年3季度股票投资明细,2023
155,600729,重庆百货,1.92,1800.0,59274.0,2023年3季度股票投资明细,2023
156,300487,蓝晓科技,1.89,1000.0,58400.0,2023年3季度股票投资明细,2023
157,600060,海信视像,1.73,2373.24,53302.97,2023年3季度股票投资明细,2023
158,601021,春秋航空,1.68,950.0,51974.5,2023年3季度股票投资明细,2023
159,601717,郑煤机,1.46,3450.0,45126.0,2023年3季度股票投资明细,2023
160,300628,亿联网络,1.41,1220.22,43488.64,2023年3季度股票投资明细,2023
161,000061,农产品,1.38,6200.71,42722.86,2023年3季度股票投资明细,2023
162,300470,中密控股,1.35,1008.03,41601.54,2023年3季度股票投资明细,2023
163,002244,滨江集团,1.34,4300.03,41237.24,2023年3季度股票投资明细,2023
164,688389,普门科技,1.19,1715.2,36739.67,2023年3季度股票投资明细,2023
165,603035,常熟汽饰,1.13,1800.0,34884.0,2023年3季度股票投资明细,2023
166,688621,阳光诺和,1.06,510.0,32670.6,2023年3季度股票投资明细,2023
167,002444,巨星科技,1.01,1600.0,31184.0,2023年3季度股票投资明细,2023
168,000690,宝新能源,0.91,5200.15,28028.81,2023年3季度股票投资明细,2023
169,300979,华利集团,0.82,502.2,25205.25,2023年3季度股票投资明细,2023
170,600422,昆药集团,0.8,1281.65,24594.78,2023年3季度股票投资明细,2023
171,002653,海思科,0.75,1000.0,23220.0,2023年3季度股票投资明细,2023
172,300856,科思股份,0.74,330.27,22788.84,2023年3季度股票投资明细,2023
173,300833,浩洋股份,0.62,210.0,19206.6,2023年3季度股票投资明细,2023
174,300887,谱尼测试,0.54,800.0,16648.0,2023年3季度股票投资明细,2023
175,300226,上海钢联,0.48,500.0,14900.0,2023年3季度股票投资明细,2023
176,600694,大商股份,0.47,800.0,14448.0,2023年3季度股票投资明细,2023
177,603896,寿仙谷,0.41,293.61,12760.34,2023年3季度股票投资明细,2023
178,000921,海信家电,0.4,520.65,12250.86,2023年3季度股票投资明细,2023
179,600858,银座股份,0.39,2000.0,12160.0,2023年3季度股票投资明细,2023
180,688071,华依科技,0.32,200.0,9946.0,2023年3季度股票投资明细,2023
181,605377,华旺科技,0.25,350.04,7819.89,2023年3季度股票投资明细,2023
182,688533,上声电子,0.1,78.05,3142.47,2023年3季度股票投资明细,2023
183,600519,贵州茅台,9.2,151.0,260626.0,2023年4季度股票投资明细,2023
184,002475,立讯精密,3.65,3000.87,103379.97,2023年4季度股票投资明细,2023
185,002142,宁波银行,2.66,3750.0,75412.5,2023年4季度股票投资明细,2023
186,603882,金域医学,2.65,1200.27,75100.89,2023年4季度股票投资明细,2023
187,002353,杰瑞股份,2.58,2600.0,73086.0,2023年4季度股票投资明细,2023
188,603129,春风动力,2.51,695.02,71058.84,2023年4季度股票投资明细,2023
189,300760,迈瑞医疗,2.31,225.07,65405.34,2023年4季度股票投资明细,2023
190,300910,瑞丰新材,2.21,1366.22,62764.15,2023年4季度股票投资明细,2023
191,600426,华鲁恒升,2.14,2200.0,60698.0,2023年4季度股票投资明细,2023
192,300285,国瓷材料,2.14,2620.44,60584.57,2023年4季度股票投资明细,2023
193,300573,兴齐眼药,2.12,330.06,60176.9,2023年4季度股票投资明细,2023
194,300487,蓝晓科技,2.06,1100.0,58366.0,2023年4季度股票投资明细,2023
195,601717,郑煤机,2.05,4600.26,58193.29,2023年4季度股票投资明细,2023
196,601021,春秋航空,2.04,1150.0,57730.0,2023年4季度股票投资明细,2023
197,600809,山西汾酒,2.04,250.04,57691.73,2023年4季度股票投资明细,2023
198,300750,宁德时代,1.99,345.04,56330.58,2023年4季度股票投资明细,2023
199,600729,重庆百货,1.97,1981.51,55878.58,2023年4季度股票投资明细,2023
200,002643,万润股份,1.93,3300.0,54747.0,2023年4季度股票投资明细,2023
201,000333,美的集团,1.79,930.02,50807.01,2023年4季度股票投资明细,2023
202,002271,东方雨虹,1.69,2500.71,48013.69,2023年4季度股票投资明细,2023
203,300015,爱尔眼科,1.67,3000.0,47460.0,2023年4季度股票投资明细,2023
204,600422,昆药集团,1.62,2200.95,45911.73,2023年4季度股票投资明细,2023
205,300628,亿联网络,1.54,1480.9,43760.6,2023年4季度股票投资明细,2023
206,600436,片仔癀,1.54,180.0,43558.2,2023年4季度股票投资明细,2023
207,002444,巨星科技,1.53,1930.68,43478.91,2023年4季度股票投资明细,2023
208,002244,滨江集团,1.44,5600.45,40715.24,2023年4季度股票投资明细,2023
209,688389,普门科技,1.41,1780.2,40072.39,2023年4季度股票投资明细,2023
210,600060,海信视像,1.4,1900.0,39710.0,2023年4季度股票投资明细,2023
211,000061,农产品,1.37,6000.0,38820.0,2023年4季度股票投资明细,2023
212,688621,阳光诺和,1.34,545.45,38045.26,2023年4季度股票投资明细,2023
213,300470,中密控股,1.33,1000.0,37800.0,2023年4季度股票投资明细,2023
214,601899,紫金矿业,1.32,3000.0,37380.0,2023年4季度股票投资明细,2023
215,603035,常熟汽饰,1.23,1850.0,34909.5,2023年4季度股票投资明细,2023
216,300856,科思股份,1.11,503.53,31334.93,2023年4季度股票投资明细,2023
217,300759,康龙化成,1.02,1000.91,29006.38,2023年4季度股票投资明细,2023
218,300979,华利集团,1.02,550.02,28953.05,2023年4季度股票投资明细,2023
219,601985,中国核电,0.93,3500.01,26250.05,2023年4季度股票投资明细,2023
220,601058,赛轮轮胎,0.91,2200.0,25850.0,2023年4季度股票投资明细,2023
221,600309,万华化学,0.89,326.65,25093.25,2023年4季度股票投资明细,2023
222,688071,华依科技,0.71,415.08,20198.73,2023年4季度股票投资明细,2023
223,600803,新奥股份,0.71,1200.0,20184.0,2023年4季度股票投资明细,2023
224,300124,汇川技术,0.67,300.0,18942.0,2023年4季度股票投资明细,2023
225,688111,金山办公,0.61,55.0,17391.0,2023年4季度股票投资明细,2023
226,600600,青岛啤酒,0.61,230.0,17192.5,2023年4季度股票投资明细,2023
227,002409,雅克科技,0.59,300.0,16719.0,2023年4季度股票投资明细,2023
228,002078,太阳纸业,0.56,1300.53,15827.45,2023年4季度股票投资明细,2023
229,000975,山金国际,0.55,1030.18,15452.7,2023年4季度股票投资明细,2023
230,002984,森麒麟,0.52,510.17,14718.4,2023年4季度股票投资明细,2023
231,002920,德赛西威,0.5,110.44,14303.06,2023年4季度股票投资明细,2023
232,300226,上海钢联,0.5,500.0,14245.0,2023年4季度股票投资明细,2023
233,603901,永创智能,0.47,1130.7,13455.39,2023年4季度股票投资明细,2023
234,300833,浩洋股份,0.46,150.0,13123.83,2023年4季度股票投资明细,2023
235,002653,海思科,0.46,557.08,12896.4,2023年4季度股票投资明细,2023
236,002180,纳思达,0.41,509.05,11519.8,2023年4季度股票投资明细,2023
237,002463,沪电股份,0.39,500.06,11061.32,2023年4季度股票投资明细,2023
238,603501,韦尔股份,0.38,100.0,10671.0,2023年4季度股票投资明细,2023
239,000921,海信家电,0.37,517.22,10551.29,2023年4季度股票投资明细,2023
240,001979,招商蛇口,0.35,1050.0,10006.5,2023年4季度股票投资明细,2023
241,603305,旭升集团,0.35,500.71,9879.04,2023年4季度股票投资明细,2023
242,688533,上声电子,0.32,235.92,8993.3,2023年4季度股票投资明细,2023
243,688658,悦康药业,0.3,412.97,8614.52,2023年4季度股票投资明细,2023
244,300832,新产业,0.28,100.05,7823.91,2023年4季度股票投资明细,2023
245,688617,惠泰医疗,0.27,20.0,7770.0,2023年4季度股票投资明细,2023
246,603979,金诚信,0.27,200.06,7554.08,2023年4季度股票投资明细,2023
247,603345,安井食品,0.26,70.0,7322.7,2023年4季度股票投资明细,2023
248,301095,广立微,0.23,85.95,6423.03,2023年4季度股票投资明细,2023
249,600938,中国海油,0.22,300.0,6291.0,2023年4季度股票投资明细,2023
250,002044,美年健康,0.21,1000.14,6010.84,2023年4季度股票投资明细,2023
251,300887,谱尼测试,0.21,500.0,5905.0,2023年4季度股票投资明细,2023
252,600887,伊利股份,0.21,220.0,5885.0,2023年4季度股票投资明细,2023
253,688625,呈和科技,0.21,149.69,5870.99,2023年4季度股票投资明细,2023
254,688169,石头科技,0.2,20.04,5671.08,2023年4季度股票投资明细,2023
255,600858,银座股份,0.19,1000.0,5320.0,2023年4季度股票投资明细,2023
256,002050,三花智控,0.19,180.59,5309.35,2023年4季度股票投资明细,2023
257,300037,新宙邦,0.17,100.06,4732.84,2023年4季度股票投资明细,2023
258,603896,寿仙谷,0.14,120.0,3868.94,2023年4季度股票投资明细,2023
259,603596,伯特利,0.14,55.53,3848.23,2023年4季度股票投资明细,2023
260,600900,长江电力,0.13,160.0,3734.4,2023年4季度股票投资明细,2023
261,603259,药明康德,0.13,50.0,3638.0,2023年4季度股票投资明细,2023
262,300677,英科医疗,0.12,150.0,3504.0,2023年4季度股票投资明细,2023
263,002415,海康威视,0.12,100.0,3472.0,2023年4季度股票投资明细,2023
264,600760,中航沈飞,0.12,80.0,3374.4,2023年4季度股票投资明细,2023
265,601689,拓普集团,0.12,44.41,3264.14,2023年4季度股票投资明细,2023
266,601088,中国神华,0.11,100.0,3135.0,2023年4季度股票投资明细,2023
267,002422,科伦药业,0.1,100.0,2905.0,2023年4季度股票投资明细,2023
268,600765,中航重机,0.1,145.33,2777.26,2023年4季度股票投资明细,2023
269,000625,长安汽车,0.1,160.0,2692.8,2023年4季度股票投资明细,2023
270,603277,银都股份,0.09,100.0,2682.0,2023年4季度股票投资明细,2023
271,002179,中航光电,0.09,65.0,2535.0,2023年4季度股票投资明细,2023
272,688198,佰仁医疗,0.09,20.0,2490.6,2023年4季度股票投资明细,2023
273,002555,三七互娱,0.09,128.52,2417.46,2023年4季度股票投资明细,2023
274,002252,上海莱士,0.08,300.0,2400.0,2023年4季度股票投资明细,2023
275,600989,宝丰能源,0.08,150.0,2215.5,2023年4季度股票投资明细,2023
276,300274,阳光电源,0.08,25.0,2189.75,2023年4季度股票投资明细,2023
277,300498,温氏股份,0.07,100.0,2006.0,2023年4季度股票投资明细,2023
278,688385,复旦微电,0.07,50.0,1931.5,2023年4季度股票投资明细,2023
279,688091,上海谊众,0.07,30.02,1921.5,2023年4季度股票投资明细,2023
280,002430,杭氧股份,0.07,65.75,1920.56,2023年4季度股票投资明细,2023
281,600754,锦江酒店,0.06,60.92,1821.51,2023年4季度股票投资明细,2023
282,600276,恒瑞医药,0.06,37.97,1717.38,2023年4季度股票投资明细,2023
1,600519,贵州茅台,7.99,130.0,221377.0,2024年1季度股票投资明细,2024
2,300573,兴齐眼药,3.55,460.0,98440.0,2024年1季度股票投资明细,2024
3,603129,春风动力,3.03,700.03,83933.51,2024年1季度股票投资明细,2024
4,002353,杰瑞股份,2.73,2500.0,75700.0,2024年1季度股票投资明细,2024
5,002475,立讯精密,2.45,2310.07,67939.16,2024年1季度股票投资明细,2024
6,601021,春秋航空,2.4,1200.0,66408.0,2024年1季度股票投资明细,2024
7,000333,美的集团,2.32,1000.0,64220.0,2024年1季度股票投资明细,2024
8,600809,山西汾酒,2.3,260.06,63735.5,2024年1季度股票投资明细,2024
9,601717,郑煤机,2.1,3900.0,58305.0,2024年1季度股票投资明细,2024
10,002142,宁波银行,2.08,2800.0,57764.0,2024年1季度股票投资明细,2024
11,600426,华鲁恒升,2.08,2200.0,57552.0,2024年1季度股票投资明细,2024
12,603882,金域医学,2.05,1010.0,56822.6,2024年1季度股票投资明细,2024
13,300487,蓝晓科技,1.94,1200.0,53652.0,2024年1季度股票投资明细,2024
14,002444,巨星科技,1.73,1900.92,47960.21,2024年1季度股票投资明细,2024
15,300856,科思股份,1.69,600.0,46902.0,2024年1季度股票投资明细,2024
16,600422,昆药集团,1.68,2170.01,46676.92,2024年1季度股票投资明细,2024
17,300285,国瓷材料,1.67,2700.0,46386.0,2024年1季度股票投资明细,2024
18,600729,重庆百货,1.67,1700.0,46308.0,2024年1季度股票投资明细,2024
19,300910,瑞丰新材,1.66,1200.0,45912.0,2024年1季度股票投资明细,2024
20,002643,万润股份,1.44,3000.0,39930.0,2024年1季度股票投资明细,2024
21,300628,亿联网络,1.4,1500.0,38760.0,2024年1季度股票投资明细,2024
22,600060,海信视像,1.38,1600.0,38256.0,2024年1季度股票投资明细,2024
23,688389,普门科技,1.31,2000.91,36196.41,2024年1季度股票投资明细,2024
24,688621,阳光诺和,1.23,548.03,34092.72,2024年1季度股票投资明细,2024
25,002244,滨江集团,1.2,5000.0,33250.0,2024年1季度股票投资明细,2024
26,300470,中密控股,1.18,1000.0,32830.0,2024年1季度股票投资明细,2024
27,002271,东方雨虹,1.14,2000.0,31640.0,2024年1季度股票投资明细,2024
28,300979,华利集团,1.1,500.0,30560.0,2024年1季度股票投资明细,2024
29,000061,农产品,1.08,5069.04,29958.03,2024年1季度股票投资明细,2024
30,002739,万达电影,1.08,1950.92,29829.49,2024年1季度股票投资明细,2024
31,603035,常熟汽饰,1.03,1800.0,28512.0,2024年1季度股票投资明细,2024
32,688506,百利天恒,0.54,120.0,15068.4,2024年1季度股票投资明细,2024
33,603701,德宏股份,0.53,1280.19,14658.12,2024年1季度股票投资明细,2024
34,688071,华依科技,0.5,410.11,13968.47,2024年1季度股票投资明细,2024
35,603871,嘉友国际,0.46,520.13,12701.52,2024年1季度股票投资明细,2024
36,688625,呈和科技,0.42,360.12,11757.92,2024年1季度股票投资明细,2024
37,603611,诺力股份,0.41,600.24,11458.51,2024年1季度股票投资明细,2024
38,300833,浩洋股份,0.39,110.0,10747.0,2024年1季度股票投资明细,2024
39,603901,永创智能,0.38,1173.17,10452.94,2024年1季度股票投资明细,2024
40,301012,扬电科技,0.28,450.94,7733.69,2024年1季度股票投资明细,2024
41,603305,旭升集团,0.25,499.0,6986.03,2024年1季度股票投资明细,2024
42,603277,银都股份,0.24,232.46,6613.49,2024年1季度股票投资明细,2024
43,301168,通灵股份,0.22,151.09,6025.6,2024年1季度股票投资明细,2024
44,001215,千味央厨,0.19,110.93,5169.14,2024年1季度股票投资明细,2024
45,002452,长高电新,0.18,750.31,5042.08,2024年1季度股票投资明细,2024
46,603097,江苏华辰,0.16,175.04,4405.69,2024年1季度股票投资明细,2024
47,600694,大商股份,0.16,250.4,4311.94,2024年1季度股票投资明细,2024
48,300887,谱尼测试,0.14,300.0,3765.0,2024年1季度股票投资明细,2024
49,301012,扬电科技,,450.94,5681.9,2024年1季度股票投资明细,2024
50,300910,瑞丰新材,,1280.0,47884.8,2024年1季度股票投资明细,2024
51,002353,杰瑞股份,,2500.0,66600.0,2024年1季度股票投资明细,2024
52,600519,贵州茅台,5.61,103.01,151155.84,2024年2季度股票投资明细,2024
53,603129,春风动力,3.84,726.66,103432.78,2024年2季度股票投资明细,2024
54,002475,立讯精密,3.36,2300.06,90415.32,2024年2季度股票投资明细,2024
55,002353,杰瑞股份,3.26,2500.0,87700.0,2024年2季度股票投资明细,2024
56,300573,兴齐眼药,3.04,500.0,82000.0,2024年2季度股票投资明细,2024
57,000333,美的集团,2.78,1160.04,74822.58,2024年2季度股票投资明细,2024
58,601021,春秋航空,2.51,1200.0,67596.0,2024年2季度股票投资明细,2024
59,002142,宁波银行,2.46,3000.0,66180.0,2024年2季度股票投资明细,2024
60,601717,郑煤机,2.31,4200.16,62162.37,2024年2季度股票投资明细,2024
61,300760,迈瑞医疗,2.25,208.0,60509.28,2024年2季度股票投资明细,2024
62,600426,华鲁恒升,2.18,2200.0,58608.0,2024年2季度股票投资明细,2024
63,300910,瑞丰新材,2.11,1300.0,56836.0,2024年2季度股票投资明细,2024
64,300628,亿联网络,2.05,1500.0,55155.0,2024年2季度股票投资明细,2024
65,600060,海信视像,2.02,2200.0,54428.0,2024年2季度股票投资明细,2024
66,300285,国瓷材料,1.99,3001.7,53580.35,2024年2季度股票投资明细,2024
67,601058,赛轮轮胎,1.97,3800.49,53206.79,2024年2季度股票投资明细,2024
68,600809,山西汾酒,1.96,250.06,52732.65,2024年2季度股票投资明细,2024
69,300487,蓝晓科技,1.86,1200.38,50127.87,2024年2季度股票投资明细,2024
70,002444,巨星科技,1.83,2000.0,49400.0,2024年2季度股票投资明细,2024
71,600422,昆药集团,1.83,2760.48,49219.39,2024年2季度股票投资明细,2024
72,300750,宁德时代,1.77,265.0,47707.95,2024年2季度股票投资明细,2024
73,600729,重庆百货,1.61,1942.76,43440.11,2024年2季度股票投资明细,2024
74,002244,滨江集团,1.43,5300.0,38478.0,2024年2季度股票投资明细,2024
75,600233,圆通速递,1.37,2350.96,36792.54,2024年2季度股票投资明细,2024
76,688389,普门科技,1.26,2080.91,33835.55,2024年2季度股票投资明细,2024
77,300470,中密控股,1.25,1000.0,33810.0,2024年2季度股票投资明细,2024
78,601985,中国核电,1.19,3000.0,31980.0,2024年2季度股票投资明细,2024
79,603871,嘉友国际,1.08,1650.2,29192.01,2024年2季度股票投资明细,2024
80,600600,青岛啤酒,1.08,400.0,29108.0,2024年2季度股票投资明细,2024
81,600048,保利发展,1.01,3100.0,27156.0,2024年2季度股票投资明细,2024
82,002180,纳思达,0.98,1000.21,26425.57,2024年2季度股票投资明细,2024
83,001979,招商蛇口,0.98,3000.0,26370.0,2024年2季度股票投资明细,2024
84,002739,万达电影,0.98,2180.0,26356.2,2024年2季度股票投资明细,2024
85,300979,华利集团,0.95,420.0,25557.0,2024年2季度股票投资明细,2024
86,000061,农产品,0.9,5000.0,24300.0,2024年2季度股票投资明细,2024
87,002920,德赛西威,0.87,270.0,23514.3,2024年2季度股票投资明细,2024
88,688506,百利天恒,0.86,133.09,23101.67,2024年2季度股票投资明细,2024
89,688621,阳光诺和,0.79,500.0,21350.0,2024年2季度股票投资明细,2024
90,601899,紫金矿业,0.78,1200.0,21084.0,2024年2季度股票投资明细,2024
91,603611,诺力股份,0.76,1204.27,20520.76,2024年2季度股票投资明细,2024
92,600694,大商股份,0.74,1188.01,19970.46,2024年2季度股票投资明细,2024
93,688625,呈和科技,0.7,516.63,18784.54,2024年2季度股票投资明细,2024
94,002223,鱼跃医疗,0.66,470.89,17705.39,2024年2季度股票投资明细,2024
95,002252,上海莱士,0.64,2200.08,17204.63,2024年2季度股票投资明细,2024
96,002078,太阳纸业,0.62,1200.0,16740.0,2024年2季度股票投资明细,2024
97,002409,雅克科技,0.58,250.0,15727.5,2024年2季度股票投资明细,2024
98,002653,海思科,0.57,500.0,15350.0,2024年2季度股票投资明细,2024
99,600161,天坛生物,0.57,624.28,15232.39,2024年2季度股票投资明细,2024
100,000552,甘肃能化,0.55,4300.77,14923.67,2024年2季度股票投资明细,2024
101,301012,扬电科技,0.51,550.6,13632.96,2024年2季度股票投资明细,2024
102,603701,德宏股份,0.5,1280.19,13544.36,2024年2季度股票投资明细,2024
103,688611,杭州柯林,0.49,490.84,13080.83,2024年2季度股票投资明细,2024
104,002594,比亚迪,0.46,50.0,12512.5,2024年2季度股票投资明细,2024
105,002452,长高电新,0.46,1500.9,12427.45,2024年2季度股票投资明细,2024
106,600150,中国船舶,0.45,300.64,12239.09,2024年2季度股票投资明细,2024
107,603097,江苏华辰,0.42,430.64,11420.7,2024年2季度股票投资明细,2024
108,300015,爱尔眼科,0.38,1000.0,10320.0,2024年2季度股票投资明细,2024
109,688658,悦康药业,0.37,558.39,9961.6,2024年2季度股票投资明细,2024
110,603035,常熟汽饰,0.37,777.65,9860.6,2024年2季度股票投资明细,2024
111,603383,顶点软件,0.36,306.6,9832.73,2024年2季度股票投资明细,2024
112,000921,海信家电,0.36,300.0,9672.0,2024年2季度股票投资明细,2024
113,603556,海兴电力,0.35,200.0,9366.0,2024年2季度股票投资明细,2024
114,300274,阳光电源,0.35,150.02,9305.6,2024年2季度股票投资明细,2024
115,603997,继峰股份,0.34,900.27,9209.76,2024年2季度股票投资明细,2024
116,002851,麦格米特,0.34,350.38,9053.82,2024年2季度股票投资明细,2024
117,688071,华依科技,0.33,410.0,8884.7,2024年2季度股票投资明细,2024
118,603596,伯特利,0.33,228.09,8872.78,2024年2季度股票投资明细,2024
119,601872,招商轮船,0.31,1001.0,8458.42,2024年2季度股票投资明细,2024
120,600894,广日股份,0.3,700.13,8051.5,2024年2季度股票投资明细,2024
121,601918,新集能源,0.29,800.28,7802.73,2024年2季度股票投资明细,2024
122,002050,三花智控,0.26,360.82,6884.45,2024年2季度股票投资明细,2024
123,300832,新产业,0.25,100.0,6744.0,2024年2季度股票投资明细,2024
124,600266,城建发展,0.25,1800.26,6732.97,2024年2季度股票投资明细,2024
125,000625,长安汽车,0.25,500.0,6715.0,2024年2季度股票投资明细,2024
126,000858,五粮液,0.24,50.0,6402.0,2024年2季度股票投资明细,2024
127,603277,银都股份,0.22,200.0,6008.0,2024年2季度股票投资明细,2024
128,002273,水晶光电,0.19,300.0,5094.0,2024年2季度股票投资明细,2024
129,002643,万润股份,0.19,500.0,5000.0,2024年2季度股票投资明细,2024
130,603501,韦尔股份,0.18,50.0,4968.5,2024年2季度股票投资明细,2024
131,002984,森麒麟,0.18,200.0,4818.0,2024年2季度股票投资明细,2024
132,688111,金山办公,0.17,19.92,4532.23,2024年2季度股票投资明细,2024
133,300502,新易盛,0.16,39.99,4221.37,2024年2季度股票投资明细,2024
134,600309,万华化学,0.15,51.12,4133.56,2024年2季度股票投资明细,2024
135,000403,派林生物,0.15,150.15,4003.0,2024年2季度股票投资明细,2024
136,688169,石头科技,0.15,10.0,3926.0,2024年2季度股票投资明细,2024
137,600845,宝信软件,0.14,120.0,3831.6,2024年2季度股票投资明细,2024
138,688062,迈威生物,0.14,130.46,3775.56,2024年2季度股票投资明细,2024
139,002507,涪陵榨菜,0.14,300.0,3675.0,2024年2季度股票投资明细,2024
140,001215,千味央厨,0.14,130.93,3665.27,2024年2季度股票投资明细,2024
141,600989,宝丰能源,0.13,200.0,3466.0,2024年2季度股票投资明细,2024
142,000100,TCL科技,0.13,800.0,3456.0,2024年2季度股票投资明细,2024
143,688226,威腾电气,0.12,190.95,3337.73,2024年2季度股票投资明细,2024
144,000975,山金国际,0.12,200.0,3258.0,2024年2季度股票投资明细,2024
145,603009,北特科技,0.12,174.2,3123.41,2024年2季度股票投资明细,2024
146,601919,中远海控,0.11,199.99,3097.91,2024年2季度股票投资明细,2024
147,603338,浙江鼎力,0.11,50.68,3062.09,2024年2季度股票投资明细,2024
148,600900,长江电力,0.11,100.0,2892.0,2024年2季度股票投资明细,2024
149,300037,新宙邦,0.11,100.01,2856.22,2024年2季度股票投资明细,2024
150,600690,海尔智家,0.11,100.0,2838.0,2024年2季度股票投资明细,2024
151,300124,汇川技术,0.1,50.0,2565.0,2024年2季度股票投资明细,2024
152,600519,贵州茅台,5.98,100.0,174800.0,2024年3季度股票投资明细,2024
153,000333,美的集团,3.69,1420.16,108017.37,2024年3季度股票投资明细,2024
154,603129,春风动力,3.64,650.0,106522.0,2024年3季度股票投资明细,2024
155,002475,立讯精密,3.42,2300.0,99958.0,2024年3季度股票投资明细,2024
156,002142,宁波银行,3.1,3530.77,90740.77,2024年3季度股票投资明细,2024
157,300750,宁德时代,2.84,330.0,83123.7,2024年3季度股票投资明细,2024
158,601021,春秋航空,2.54,1200.0,74172.0,2024年3季度股票投资明细,2024
159,300487,蓝晓科技,2.33,1200.44,68040.94,2024年3季度股票投资明细,2024
160,300910,瑞丰新材,2.18,1390.94,63635.51,2024年3季度股票投资明细,2024
161,300628,亿联网络,2.17,1500.0,63420.0,2024年3季度股票投资明细,2024
162,300285,国瓷材料,2.06,3000.0,60300.0,2024年3季度股票投资明细,2024
163,002353,杰瑞股份,2.03,1803.53,59336.14,2024年3季度股票投资明细,2024
164,600426,华鲁恒升,1.97,2200.0,57618.0,2024年3季度股票投资明细,2024
165,002244,滨江集团,1.94,5000.0,56700.0,2024年3季度股票投资明细,2024
166,002444,巨星科技,1.93,1800.0,56430.0,2024年3季度股票投资明细,2024
167,600060,海信视像,1.84,2400.64,53726.32,2024年3季度股票投资明细,2024
168,600422,昆药集团,1.73,3200.86,50701.65,2024年3季度股票投资明细,2024
169,000061,农产品,1.41,6500.0,41145.0,2024年3季度股票投资明细,2024
170,300470,中密控股,1.3,1000.0,38100.0,2024年3季度股票投资明细,2024
171,603871,嘉友国际,1.28,1650.0,37438.5,2024年3季度股票投资明细,2024
172,603997,继峰股份,1.17,2500.5,34256.85,2024年3季度股票投资明细,2024
173,688389,普门科技,1.16,2000.0,34060.0,2024年3季度股票投资明细,2024
174,300979,华利集团,0.88,350.0,25868.5,2024年3季度股票投资明细,2024
175,600729,重庆百货,0.85,1000.0,24960.0,2024年3季度股票投资明细,2024
176,300573,兴齐眼药,0.73,200.0,21432.0,2024年3季度股票投资明细,2024
177,688625,呈和科技,0.72,552.54,21162.38,2024年3季度股票投资明细,2024
178,688658,悦康药业,0.7,1000.0,20350.0,2024年3季度股票投资明细,2024
179,002739,万达电影,0.64,1500.0,18735.0,2024年3季度股票投资明细,2024
180,603611,诺力股份,0.64,1000.0,18670.0,2024年3季度股票投资明细,2024
181,002409,雅克科技,0.63,300.0,18414.0,2024年3季度股票投资明细,2024
182,603277,银都股份,0.6,627.94,17406.5,2024年3季度股票投资明细,2024
183,603701,德宏股份,0.57,1280.19,16796.03,2024年3季度股票投资明细,2024
184,688611,杭州柯林,0.57,500.0,16640.0,2024年3季度股票投资明细,2024
185,600894,广日股份,0.53,1200.03,15576.39,2024年3季度股票投资明细,2024
186,000552,甘肃能化,0.51,5000.0,15000.0,2024年3季度股票投资明细,2024
187,688621,阳光诺和,0.49,330.0,14371.5,2024年3季度股票投资明细,2024
188,688226,威腾电气,0.46,710.11,13435.25,2024年3季度股票投资明细,2024
189,002452,长高电新,0.43,1500.9,12652.59,2024年3季度股票投资明细,2024
190,301012,扬电科技,0.42,500.0,12275.0,2024年3季度股票投资明细,2024
191,688071,华依科技,0.33,410.0,9667.8,2024年3季度股票投资明细,2024
192,600694,大商股份,0.12,180.0,3436.2,2024年3季度股票投资明细,2024
193,688410,山外山,0.12,300.26,3398.96,2024年3季度股票投资明细,2024
194,001215,千味央厨,0.11,100.0,3219.0,2024年3季度股票投资明细,2024
195,600519,贵州茅台,5.94,100.0,152400.0,2024年4季度股票投资明细,2024
196,000333,美的集团,4.4,1500.06,112834.51,2024年4季度股票投资明细,2024
197,002142,宁波银行,3.84,4050.0,98455.5,2024年4季度股票投资明细,2024
198,603129,春风动力,3.67,600.0,94242.0,2024年4季度股票投资明细,2024
199,300750,宁德时代,3.63,350.0,93100.0,2024年4季度股票投资明细,2024
200,002475,立讯精密,3.18,2000.0,81520.0,2024年4季度股票投资明细,2024
201,300910,瑞丰新材,2.32,1250.0,59487.5,2024年4季度股票投资明细,2024
202,601021,春秋航空,2.25,1000.0,57670.0,2024年4季度股票投资明细,2024
203,002353,杰瑞股份,2.16,1500.0,55485.0,2024年4季度股票投资明细,2024
204,300285,国瓷材料,2.06,3100.0,52824.0,2024年4季度股票投资明细,2024
205,601058,赛轮轮胎,1.95,3500.0,50155.0,2024年4季度股票投资明细,2024
206,002444,巨星科技,1.92,1520.0,49172.0,2024年4季度股票投资明细,2024
207,300487,蓝晓科技,1.87,1000.0,47870.0,2024年4季度股票投资明细,2024
208,600422,昆药集团,1.85,3000.0,47550.0,2024年4季度股票投资明细,2024
209,300979,华利集团,1.84,600.97,47265.91,2024年4季度股票投资明细,2024
210,000061,农产品,1.78,6500.0,45565.0,2024年4季度股票投资明细,2024
211,600426,华鲁恒升,1.68,2000.0,43220.0,2024年4季度股票投资明细,2024
212,002244,滨江集团,1.68,5000.0,43050.0,2024年4季度股票投资明细,2024
213,600729,重庆百货,1.58,1385.13,40515.06,2024年4季度股票投资明细,2024
214,601799,星宇股份,1.56,300.57,40119.66,2024年4季度股票投资明细,2024
215,002920,德赛西威,1.5,350.0,38538.5,2024年4季度股票投资明细,2024
216,300470,中密控股,1.47,1000.0,37700.0,2024年4季度股票投资明细,2024
217,002180,纳思达,1.43,1300.99,36648.96,2024年4季度股票投资明细,2024
218,603997,继峰股份,1.43,3200.27,36643.09,2024年4季度股票投资明细,2024
219,300628,亿联网络,1.2,800.0,30880.0,2024年4季度股票投资明细,2024
220,600060,海信视像,1.17,1500.0,29910.0,2024年4季度股票投资明细,2024
221,688389,普门科技,1.16,2000.0,29780.0,2024年4季度股票投资明细,2024
222,001979,招商蛇口,1.08,2700.0,27648.0,2024年4季度股票投资明细,2024
223,600048,保利发展,1.04,3000.0,26580.0,2024年4季度股票投资明细,2024
224,600894,广日股份,1.02,1800.0,26280.0,2024年4季度股票投资明细,2024
225,603871,嘉友国际,0.9,1200.0,23220.0,2024年4季度股票投资明细,2024
226,002739,万达电影,0.9,1900.0,23066.0,2024年4季度股票投资明细,2024
227,688625,呈和科技,0.89,600.0,22908.0,2024年4季度股票投资明细,2024
228,002594,比亚迪,0.88,80.0,22612.8,2024年4季度股票投资明细,2024
229,002409,雅克科技,0.88,390.0,22600.5,2024年4季度股票投资明细,2024
230,300274,阳光电源,0.86,300.0,22149.0,2024年4季度股票投资明细,2024
231,688506,百利天恒,0.75,100.0,19173.0,2024年4季度股票投资明细,2024
232,600809,山西汾酒,0.72,100.0,18421.0,2024年4季度股票投资明细,2024
233,600600,青岛啤酒,0.71,225.68,18262.4,2024年4季度股票投资明细,2024
234,688611,杭州柯林,0.66,505.73,16911.66,2024年4季度股票投资明细,2024
235,603701,德宏股份,0.65,1200.24,16803.4,2024年4季度股票投资明细,2024
236,300888,稳健医疗,0.64,390.15,16417.34,2024年4季度股票投资明细,2024
237,300627,华测导航,0.64,390.34,16316.24,2024年4季度股票投资明细,2024
238,688226,威腾电气,0.59,600.67,15094.79,2024年4季度股票投资明细,2024
239,002078,太阳纸业,0.58,1000.0,14870.0,2024年4季度股票投资明细,2024
240,603596,伯特利,0.57,330.0,14714.7,2024年4季度股票投资明细,2024
241,002252,上海莱士,0.54,2000.0,13920.0,2024年4季度股票投资明细,2024
242,002273,水晶光电,0.53,610.71,13569.98,2024年4季度股票投资明细,2024
243,300037,新宙邦,0.53,360.0,13478.4,2024年4季度股票投资明细,2024
244,600129,太极集团,0.52,540.77,13367.83,2024年4季度股票投资明细,2024
245,000999,华润三九,0.52,300.05,13304.14,2024年4季度股票投资明细,2024
246,600694,大商股份,0.51,500.96,13210.4,2024年4季度股票投资明细,2024
247,300760,迈瑞医疗,0.5,50.0,12750.0,2024年4季度股票投资明细,2024
248,301012,扬电科技,0.49,504.33,12583.03,2024年4季度股票投资明细,2024
249,603611,诺力股份,0.49,700.0,12565.0,2024年4季度股票投资明细,2024
250,601899,紫金矿业,0.47,800.0,12096.0,2024年4季度股票投资明细,2024
251,603277,银都股份,0.45,500.0,11585.0,2024年4季度股票投资明细,2024
252,688621,阳光诺和,0.44,300.0,11310.0,2024年4季度股票投资明细,2024
253,600150,中国船舶,0.42,300.0,10788.0,2024年4季度股票投资明细,2024
254,601985,中国核电,0.41,1000.0,10430.0,2024年4季度股票投资明细,2024
255,002050,三花智控,0.4,440.82,10363.68,2024年4季度股票投资明细,2024
256,688071,华依科技,0.37,350.0,9432.5,2024年4季度股票投资明细,2024
257,002532,天山铝业,0.34,1120.47,8818.1,2024年4季度股票投资明细,2024
258,000425,徐工机械,0.34,1100.05,8723.4,2024年4季度股票投资明细,2024
259,600066,宇通客车,0.31,300.0,7914.0,2024年4季度股票投资明细,2024
260,688433,华曙高科,0.3,329.12,7681.7,2024年4季度股票投资明细,2024
261,002223,鱼跃医疗,0.28,200.0,7298.0,2024年4季度股票投资明细,2024
262,600309,万华化学,0.28,100.0,7135.0,2024年4季度股票投资明细,2024
263,002430,杭氧股份,0.25,300.0,6540.0,2024年4季度股票投资明细,2024
264,000630,铜陵有色,0.25,2000.0,6460.0,2024年4季度股票投资明细,2024
265,603338,浙江鼎力,0.25,100.0,6452.0,2024年4季度股票投资明细,2024
266,688789,宏华数科,0.24,93.59,6212.74,2024年4季度股票投资明细,2024
267,600085,同仁堂,0.24,150.0,6088.5,2024年4季度股票投资明细,2024
268,600690,海尔智家,0.23,210.62,5996.35,2024年4季度股票投资明细,2024
269,300679,电连技术,0.23,100.22,5983.13,2024年4季度股票投资明细,2024
270,600079,人福医药,0.23,250.95,5867.21,2024年4季度股票投资明细,2024
271,600900,长江电力,0.21,180.08,5321.36,2024年4季度股票投资明细,2024
272,002683,广东宏大,0.21,200.08,5298.12,2024年4季度股票投资明细,2024
273,301030,仕净科技,0.19,200.78,4846.75,2024年4季度股票投资明细,2024
274,301498,乖宝宠物,0.19,60.72,4755.59,2024年4季度股票投资明细,2024
275,603678,火炬电子,0.18,150.3,4584.15,2024年4季度股票投资明细,2024
276,605128,上海沿浦,0.18,122.27,4517.88,2024年4季度股票投资明细,2024
277,002463,沪电股份,0.15,100.0,3965.0,2024年4季度股票投资明细,2024
278,002311,海大集团,0.15,80.0,3924.0,2024年4季度股票投资明细,2024
279,603171,税友股份,0.14,120.44,3673.42,2024年4季度股票投资明细,2024
280,002422,科伦药业,0.14,120.0,3591.6,2024年4季度股票投资明细,2024
281,600986,浙文互联,0.14,600.0,3588.0,2024年4季度股票投资明细,2024
282,300832,新产业,0.14,50.0,3542.5,2024年4季度股票投资明细,2024
283,601601,中国太保,0.13,100.0,3408.0,2024年4季度股票投资明细,2024
284,002653,海思科,0.13,100.0,3325.0,2024年4季度股票投资明细,2024
285,603501,韦尔股份,0.12,30.0,3132.3,2024年4季度股票投资明细,2024
286,603556,海兴电力,0.12,80.0,2959.2,2024年4季度股票投资明细,2024
287,600938,中国海油,0.12,100.0,2951.0,2024年4季度股票投资明细,2024
288,300124,汇川技术,0.11,50.0,2929.0,2024年4季度股票投资明细,2024
289,000921,海信家电,0.11,100.0,2890.0,2024年4季度股票投资明细,2024
290,688111,金山办公,0.11,10.0,2863.9,2024年4季度股票投资明细,2024
291,000858,五粮液,0.11,20.0,2800.8,2024年4季度股票投资明细,2024
292,688658,悦康药业,0.11,191.34,2757.2,2024年4季度股票投资明细,2024
293,600941,中国移动,0.11,23.0,2717.68,2024年4季度股票投资明细,2024
294,688617,惠泰医疗,0.11,7.25,2699.39,2024年4季度股票投资明细,2024
1,600519,贵州茅台,6.18,100.0,156100.0,2025年1季度股票投资明细,2025
2,002142,宁波银行,5.32,5200.47,134276.09,2025年1季度股票投资明细,2025
3,000333,美的集团,4.66,1500.06,117754.71,2025年1季度股票投资明细,2025
4,603129,春风动力,4.45,600.0,112278.0,2025年1季度股票投资明细,2025
5,002475,立讯精密,3.24,2000.0,81780.0,2025年1季度股票投资明细,2025
6,300750,宁德时代,3.21,320.0,80940.8,2025年1季度股票投资明细,2025
7,300910,瑞丰新材,3.13,1380.0,78949.8,2025年1季度股票投资明细,2025
8,002594,比亚迪,2.85,192.1,72016.94,2025年1季度股票投资明细,2025
9,300285,国瓷材料,2.36,3200.0,59584.0,2025年1季度股票投资明细,2025
10,002244,滨江集团,2.27,5500.92,57429.6,2025年1季度股票投资明细,2025
11,002353,杰瑞股份,2.15,1500.0,54390.0,2025年1季度股票投资明细,2025
12,600422,昆药集团,2.05,3000.0,51660.0,2025年1季度股票投资明细,2025
13,601058,赛轮轮胎,2.0,3500.0,50505.0,2025年1季度股票投资明细,2025
14,688433,华曙高科,1.88,1030.0,47359.4,2025年1季度股票投资明细,2025
15,300487,蓝晓科技,1.82,1000.0,45980.0,2025年1季度股票投资明细,2025
16,000061,农产品,1.69,6803.55,42794.33,2025年1季度股票投资明细,2025
17,600729,重庆百货,1.66,1390.09,41897.31,2025年1季度股票投资明细,2025
18,601799,星宇股份,1.64,300.0,41319.0,2025年1季度股票投资明细,2025
19,300470,中密控股,1.47,1000.0,37110.0,2025年1季度股票投资明细,2025
20,603997,继峰股份,1.28,2800.0,32228.0,2025年1季度股票投资明细,2025
21,002444,巨星科技,1.17,1000.0,29610.0,2025年1季度股票投资明细,2025
22,688625,呈和科技,1.0,600.0,25236.0,2025年1季度股票投资明细,2025
23,300888,稳健医疗,0.91,500.5,23052.85,2025年1季度股票投资明细,2025
24,688611,杭州柯林,0.91,500.0,22975.0,2025年1季度股票投资明细,2025
25,300979,华利集团,0.87,350.0,21917.0,2025年1季度股票投资明细,2025
26,603701,德宏股份,0.79,1260.24,19823.55,2025年1季度股票投资明细,2025
27,002409,雅克科技,0.74,300.0,18591.0,2025年1季度股票投资明细,2025
28,301012,扬电科技,0.73,690.16,18427.27,2025年1季度股票投资明细,2025
29,605128,上海沿浦,0.62,380.74,15633.09,2025年1季度股票投资明细,2025
30,600694,大商股份,0.57,600.47,14345.23,2025年1季度股票投资明细,2025
31,603277,银都股份,0.53,500.0,13300.0,2025年1季度股票投资明细,2025
32,688686,奥普特,0.5,150.0,12612.0,2025年1季度股票投资明细,2025
33,600894,广日股份,0.48,1000.0,12030.0,2025年1季度股票投资明细,2025
34,603678,火炬电子,0.47,300.87,11902.42,2025年1季度股票投资明细,2025
35,000526,学大教育,0.45,239.0,11347.72,2025年1季度股票投资明细,2025
36,603721,*ST天择,0.39,385.37,9873.18,2025年1季度股票投资明细,2025
37,688389,普门科技,0.3,500.0,7520.0,2025年1季度股票投资明细,2025
38,688226,威腾电气,0.23,150.0,5767.5,2025年1季度股票投资明细,2025
39,300226,上海钢联,0.16,178.45,4034.75,2025年1季度股票投资明细,2025
40,600519,贵州茅台,5.99,100.0,140952.0,2025年2季度股票投资明细,2025
41,002142,宁波银行,5.93,5099.98,139535.53,2025年2季度股票投资明细,2025
42,603129,春风动力,4.6,500.0,108250.0,2025年2季度股票投资明细,2025
43,000333,美的集团,3.68,1200.0,86640.0,2025年2季度股票投资明细,2025
44,300910,瑞丰新材,3.38,1380.0,79695.0,2025年2季度股票投资明细,2025
45,300750,宁德时代,2.68,250.0,63055.0,2025年2季度股票投资明细,2025
46,002353,杰瑞股份,2.23,1500.0,52500.0,2025年2季度股票投资明细,2025
47,002244,滨江集团,2.19,5300.0,51675.0,2025年2季度股票投资明细,2025
48,002683,广东宏大,2.16,1500.08,50912.88,2025年2季度股票投资明细,2025
49,300487,蓝晓科技,2.14,1000.0,50300.0,2025年2季度股票投资明细,2025
50,601799,星宇股份,1.86,350.04,43755.09,2025年2季度股票投资明细,2025
51,000061,农产品,1.76,6500.0,41535.0,2025年2季度股票投资明细,2025
52,603997,继峰股份,1.66,3000.0,39120.0,2025年2季度股票投资明细,2025
53,300285,国瓷材料,1.62,2200.0,38170.0,2025年2季度股票投资明细,2025
54,300470,中密控股,1.56,1000.0,36770.0,2025年2季度股票投资明细,2025
55,688433,华曙高科,1.52,1000.0,35878.0,2025年2季度股票投资明细,2025
56,002311,海大集团,1.49,600.0,35154.0,2025年2季度股票投资明细,2025
57,601058,赛轮轮胎,1.39,2500.0,32800.0,2025年2季度股票投资明细,2025
58,603259,药明康德,1.26,427.57,29737.47,2025年2季度股票投资明细,2025
59,600422,昆药集团,1.22,2000.0,28620.0,2025年2季度股票投资明细,2025
60,002821,凯莱英,1.12,300.05,26479.77,2025年2季度股票投资明细,2025
61,601899,紫金矿业,1.12,1350.0,26325.0,2025年2季度股票投资明细,2025
62,600919,江苏银行,1.01,2000.0,23880.0,2025年2季度股票投资明细,2025
63,603979,金诚信,1.01,512.02,23778.33,2025年2季度股票投资明细,2025
64,601021,春秋航空,0.98,415.51,23123.13,2025年2季度股票投资明细,2025
65,600060,海信视像,0.98,1000.0,23020.0,2025年2季度股票投资明细,2025
66,600036,招商银行,0.98,500.0,22975.0,2025年2季度股票投资明细,2025
67,603678,火炬电子,0.97,600.92,22852.89,2025年2季度股票投资明细,2025
68,600993,马应龙,0.96,800.97,22651.3,2025年2季度股票投资明细,2025
69,603701,德宏股份,0.95,1280.0,22374.4,2025年2季度股票投资明细,2025
70,603596,伯特利,0.87,390.02,20550.15,2025年2季度股票投资明细,2025
71,600363,联创光电,0.87,352.19,20543.18,2025年2季度股票投资明细,2025
72,002920,德赛西威,0.87,200.0,20426.0,2025年2季度股票投资明细,2025
73,688686,奥普特,0.81,200.0,19124.0,2025年2季度股票投资明细,2025
74,688266,泽璟制药,0.78,170.07,18284.08,2025年2季度股票投资明细,2025
75,688506,百利天恒,0.75,60.0,17767.2,2025年2季度股票投资明细,2025
76,000526,学大教育,0.75,370.94,17712.37,2025年2季度股票投资明细,2025
77,600809,山西汾酒,0.75,100.0,17639.0,2025年2季度股票投资明细,2025
78,600426,华鲁恒升,0.74,800.0,17336.0,2025年2季度股票投资明细,2025
79,688235,百济神州,0.72,72.3,16891.99,2025年2季度股票投资明细,2025
80,002532,天山铝业,0.71,2000.65,16625.41,2025年2季度股票投资明细,2025
81,601717,中创智领,0.71,1000.13,16622.16,2025年2季度股票投资明细,2025
82,600760,中航沈飞,0.66,266.78,15638.83,2025年2季度股票投资明细,2025
83,600729,重庆百货,0.63,500.0,14915.0,2025年2季度股票投资明细,2025
84,002078,太阳纸业,0.63,1100.0,14806.0,2025年2季度股票投资明细,2025
85,002475,立讯精密,0.59,400.0,13876.0,2025年2季度股票投资明细,2025
86,605128,上海沿浦,0.58,450.0,13617.0,2025年2季度股票投资明细,2025
87,601318,中国平安,0.54,230.0,12760.4,2025年2季度股票投资明细,2025
88,002444,巨星科技,0.54,500.0,12755.0,2025年2季度股票投资明细,2025
89,002430,杭氧股份,0.54,650.0,12623.0,2025年2季度股票投资明细,2025
90,688169,石头科技,0.53,80.05,12532.59,2025年2季度股票投资明细,2025
91,603369,今世缘,0.5,300.0,11679.0,2025年2季度股票投资明细,2025
92,002180,纳思达,0.49,500.0,11470.0,2025年2季度股票投资明细,2025
93,002409,雅克科技,0.46,200.0,10938.0,2025年2季度股票投资明细,2025
94,002558,巨人网络,0.45,450.0,10597.5,2025年2季度股票投资明细,2025
95,000729,燕京啤酒,0.44,800.66,10352.48,2025年2季度股票投资明细,2025
96,688068,热景生物,0.43,76.4,10187.69,2025年2季度股票投资明细,2025
97,600989,宝丰能源,0.41,600.12,9685.94,2025年2季度股票投资明细,2025
98,688789,宏华数科,0.41,132.47,9675.75,2025年2季度股票投资明细,2025
99,300627,华测导航,0.38,253.31,8865.89,2025年2季度股票投资明细,2025
100,300037,新宙邦,0.37,250.0,8800.0,2025年2季度股票投资明细,2025
101,688719,爱科赛博,0.36,200.14,8505.81,2025年2季度股票投资明细,2025
102,688377,迪威尔,0.36,354.77,8468.32,2025年2季度股票投资明细,2025
103,688337,普源精电,0.35,228.87,8163.96,2025年2季度股票投资明细,2025
104,603345,安井食品,0.34,100.8,8106.34,2025年2季度股票投资明细,2025
105,601688,华泰证券,0.33,430.9,7674.33,2025年2季度股票投资明细,2025
106,688625,呈和科技,0.32,250.0,7645.0,2025年2季度股票投资明细,2025
107,600694,大商股份,0.32,400.0,7420.0,2025年2季度股票投资明细,2025
108,301012,扬电科技,0.3,350.0,6965.0,2025年2季度股票投资明细,2025
109,002049,紫光国微,0.28,100.99,6651.07,2025年2季度股票投资明细,2025
110,600583,海油工程,0.28,1200.0,6552.0,2025年2季度股票投资明细,2025
111,603986,兆易创新,0.27,50.0,6326.5,2025年2季度股票投资明细,2025
112,600900,长江电力,0.26,200.0,6028.0,2025年2季度股票投资明细,2025
113,000975,山金国际,0.24,300.0,5682.0,2025年2季度股票投资明细,2025
114,300760,迈瑞医疗,0.24,25.0,5618.75,2025年2季度股票投资明细,2025
115,688279,峰岹科技,0.24,30.02,5568.8,2025年2季度股票投资明细,2025
116,002847,盐津铺子,0.23,67.45,5422.98,2025年2季度股票投资明细,2025
117,605196,华通线缆,0.23,303.8,5349.92,2025年2季度股票投资明细,2025
118,002739,万达电影,0.22,450.99,5154.86,2025年2季度股票投资明细,2025
119,600066,宇通客车,0.21,200.0,4972.0,2025年2季度股票投资明细,2025
120,688136,科兴制药,0.21,149.0,4939.35,2025年2季度股票投资明细,2025
121,002352,顺丰控股,0.21,100.01,4876.49,2025年2季度股票投资明细,2025
122,000425,徐工机械,0.2,600.0,4662.0,2025年2季度股票投资明细,2025
123,603171,税友股份,0.18,100.0,4291.0,2025年2季度股票投资明细,2025
124,300395,菲利华,0.18,81.0,4139.09,2025年2季度股票投资明细,2025
125,601808,中海油服,0.18,300.0,4128.0,2025年2季度股票投资明细,2025
126,301188,力诺药包,0.17,180.64,3907.34,2025年2季度股票投资明细,2025
127,688658,悦康药业,0.16,200.0,3808.0,2025年2季度股票投资明细,2025
128,600879,航天电子,0.16,350.0,3664.5,2025年2季度股票投资明细,2025
129,300859,西域旅游,0.15,90.16,3630.74,2025年2季度股票投资明细,2025
130,600031,三一重工,0.15,200.0,3590.0,2025年2季度股票投资明细,2025
131,300628,亿联网络,0.15,100.0,3476.0,2025年2季度股票投资明细,2025
132,600941,中国移动,0.14,30.0,3376.5,2025年2季度股票投资明细,2025
133,002594,比亚迪,0.14,10.0,3319.1,2025年2季度股票投资明细,2025
134,600019,宝钢股份,0.14,500.0,3295.0,2025年2季度股票投资明细,2025
135,688271,联影医疗,0.14,25.0,3193.5,2025年2季度股票投资明细,2025
136,600761,安徽合力,0.12,160.0,2838.4,2025年2季度股票投资明细,2025
137,002653,海思科,0.12,67.03,2830.01,2025年2季度股票投资明细,2025
138,600298,安琪酵母,0.12,80.0,2813.6,2025年2季度股票投资明细,2025
139,000630,铜陵有色,0.11,800.0,2672.0,2025年2季度股票投资明细,2025
140,002142,宁波银行,5.47,5000.0,132150.0,2025年3季度股票投资明细,2025
141,600519,贵州茅台,5.08,85.0,122739.15,2025年3季度股票投资明细,2025
142,300750,宁德时代,4.49,270.0,108540.0,2025年3季度股票投资明细,2025
143,002353,杰瑞股份,4.27,1850.0,103045.0,2025年3季度股票投资明细,2025
144,603129,春风动力,3.58,322.03,86384.55,2025年3季度股票投资明细,2025
145,002475,立讯精密,2.68,1000.09,64695.95,2025年3季度股票投资明细,2025
146,601717,中创智领,2.68,2600.08,64611.99,2025年3季度股票投资明细,2025
147,002244,滨江集团,2.6,5000.0,62750.0,2025年3季度股票投资明细,2025
148,300910,瑞丰新材,2.19,1000.0,53000.0,2025年3季度股票投资明细,2025
149,300285,国瓷材料,2.03,2200.0,49104.0,2025年3季度股票投资明细,2025
150,601799,星宇股份,1.68,300.0,40464.0,2025年3季度股票投资明细,2025
151,688392,骄成超声,1.59,400.0,38428.0,2025年3季度股票投资明细,2025
152,688433,华曙高科,1.53,700.0,36841.0,2025年3季度股票投资明细,2025
153,603997,继峰股份,1.42,2585.89,34314.76,2025年3季度股票投资明细,2025
154,000061,农产品,1.33,4000.01,32080.06,2025年3季度股票投资明细,2025
155,688686,奥普特,1.21,200.0,29306.0,2025年3季度股票投资明细,2025
156,300487,蓝晓科技,1.19,500.0,28850.0,2025年3季度股票投资明细,2025
157,603701,德宏股份,0.99,1200.7,24014.0,2025年3季度股票投资明细,2025
158,000526,学大教育,0.93,500.0,22385.0,2025年3季度股票投资明细,2025
159,300470,中密控股,0.92,609.94,22177.42,2025年3季度股票投资明细,2025
160,600993,马应龙,0.88,800.0,21160.0,2025年3季度股票投资明细,2025
161,600801,华新水泥,0.69,900.42,16657.84,2025年3季度股票投资明细,2025
162,688377,迪威尔,0.61,380.07,14624.98,2025年3季度股票投资明细,2025
163,605128,上海沿浦,0.55,300.78,13348.62,2025年3季度股票投资明细,2025
164,688719,爱科赛博,0.33,200.0,7856.0,2025年3季度股票投资明细,2025
165,688136,科兴制药,0.24,150.0,5853.0,2025年3季度股票投资明细,2025
166,002142,宁波银行,6.25,5000.0,140450.0,2025年4季度股票投资明细,2025
167,002353,杰瑞股份,4.98,1581.43,112012.69,2025年4季度股票投资明细,2025
168,300750,宁德时代,4.9,300.0,110178.0,2025年4季度股票投资明细,2025
169,600519,贵州茅台,4.9,80.0,110174.4,2025年4季度股票投资明细,2025
170,603129,春风动力,3.7,300.0,83159.1,2025年4季度股票投资明细,2025
171,601717,中创智领,2.84,2600.0,63830.0,2025年4季度股票投资明细,2025
172,601899,紫金矿业,2.53,1650.0,56875.5,2025年4季度股票投资明细,2025
173,300910,瑞丰新材,2.52,1000.0,56550.0,2025年4季度股票投资明细,2025
174,300285,国瓷材料,2.19,1800.0,49338.0,2025年4季度股票投资明细,2025
175,000425,徐工机械,2.05,3980.0,46088.4,2025年4季度股票投资明细,2025
176,601058,赛轮轮胎,1.8,2500.0,40450.0,2025年4季度股票投资明细,2025
177,002244,滨江集团,1.78,4000.0,39925.0,2025年4季度股票投资明细,2025
178,688392,骄成超声,1.55,310.01,34783.29,2025年4季度股票投资明细,2025
179,603997,继峰股份,1.55,2500.0,34750.0,2025年4季度股票投资明细,2025
180,002475,立讯精密,1.51,600.0,34026.0,2025年4季度股票投资明细,2025
181,301489,思泉新材,1.5,170.0,33830.8,2025年4季度股票投资明细,2025
182,000061,农产品,1.43,3200.01,32095.35,2025年4季度股票投资明细,2025
183,603259,药明康德,1.41,350.0,31724.0,2025年4季度股票投资明细,2025
184,688266,泽璟制药,1.24,300.0,27810.0,2025年4季度股票投资明细,2025
185,688256,寒武纪,1.21,20.0,27111.0,2025年4季度股票投资明细,2025
186,688068,热景生物,1.11,155.18,24882.77,2025年4季度股票投资明细,2025
187,601799,星宇股份,1.1,200.0,24674.0,2025年4季度股票投资明细,2025
188,000333,美的集团,1.04,300.0,23445.0,2025年4季度股票投资明细,2025
189,002916,深南电路,1.03,100.06,23243.75,2025年4季度股票投资明细,2025
190,601318,中国平安,1.0,330.0,22572.0,2025年4季度股票投资明细,2025
191,600993,马应龙,1.0,800.0,22400.0,2025年4季度股票投资明细,2025
192,600879,航天电子,1.0,1050.0,22386.0,2025年4季度股票投资明细,2025
193,002311,海大集团,0.99,400.0,22152.0,2025年4季度股票投资明细,2025
194,002558,巨人网络,0.96,500.0,21645.0,2025年4季度股票投资明细,2025
195,000526,学大教育,0.96,550.0,21571.0,2025年4季度股票投资明细,2025
196,002384,东山精密,0.94,250.0,21162.5,2025年4季度股票投资明细,2025
197,002271,东方雨虹,0.91,1500.96,20397.98,2025年4季度股票投资明细,2025
198,603701,德宏股份,0.9,1000.0,20160.0,2025年4季度股票投资明细,2025
199,600660,福耀玻璃,0.86,300.0,19431.0,2025年4季度股票投资明细,2025
200,300470,中密控股,0.84,500.0,18800.0,2025年4季度股票投资明细,2025
201,000630,铜陵有色,0.8,3000.0,18030.0,2025年4季度股票投资明细,2025
202,688377,迪威尔,0.77,470.0,17249.0,2025年4季度股票投资明细,2025
203,603901,永创智能,0.7,1100.45,15626.32,2025年4季度股票投资明细,2025
204,300487,蓝晓科技,0.69,250.0,15437.5,2025年4季度股票投资明细,2025
205,002444,巨星科技,0.66,434.09,14767.74,2025年4季度股票投资明细,2025
206,300308,中际旭创,0.65,24.0,14640.0,2025年4季度股票投资明细,2025
207,300818,耐普矿机,0.64,380.72,14417.93,2025年4季度股票投资明细,2025
208,688196,卓越新能,0.63,250.0,14052.29,2025年4季度股票投资明细,2025
209,600150,中国船舶,0.59,400.98,13336.54,2025年4季度股票投资明细,2025
210,301617,博苑股份,0.59,170.35,13248.12,2025年4季度股票投资明细,2025
211,600801,华新建材,0.55,500.0,12270.0,2025年4季度股票投资明细,2025
212,688625,呈和科技,0.52,285.37,11757.22,2025年4季度股票投资明细,2025
213,688686,奥普特,0.51,93.0,11544.09,2025年4季度股票投资明细,2025
214,688719,爱科赛博,0.49,250.33,11052.04,2025年4季度股票投资明细,2025
215,688506,百利天恒,0.48,35.0,10891.47,2025年4季度股票投资明细,2025
216,688212,澳华内镜,0.46,235.51,10294.22,2025年4季度股票投资明细,2025
217,688208,道通科技,0.43,260.0,9568.0,2025年4季度股票投资明细,2025
218,603979,金诚信,0.41,120.0,9138.0,2025年4季度股票投资明细,2025
219,002847,盐津铺子,0.39,130.0,8880.3,2025年4季度股票投资明细,2025
220,600298,安琪酵母,0.39,200.0,8748.0,2025年4季度股票投资明细,2025
221,600586,金晶科技,0.38,1500.0,8445.0,2025年4季度股票投资明细,2025
222,002078,太阳纸业,0.35,500.0,7875.0,2025年4季度股票投资明细,2025
223,002028,思源电气,0.34,50.08,7741.87,2025年4季度股票投资明细,2025
224,600426,华鲁恒升,0.34,240.0,7543.08,2025年4季度股票投资明细,2025
225,605128,上海沿浦,0.33,200.0,7372.0,2025年4季度股票投资明细,2025
226,603228,景旺电子,0.33,100.59,7352.12,2025年4季度股票投资明细,2025
227,688433,华曙高科,0.29,100.0,6617.0,2025年4季度股票投资明细,2025
228,600066,宇通客车,0.29,200.0,6540.0,2025年4季度股票投资明细,2025
229,002850,科达利,0.29,41.04,6478.57,2025年4季度股票投资明细,2025
230,600031,三一重工,0.28,300.0,6339.0,2025年4季度股票投资明细,2025
231,600754,锦江酒店,0.28,250.68,6334.68,2025年4季度股票投资明细,2025
232,002463,沪电股份,0.28,85.81,6270.14,2025年4季度股票投资明细,2025
233,300888,稳健医疗,0.27,160.32,6066.36,2025年4季度股票投资明细,2025
234,002920,德赛西威,0.27,50.0,6015.0,2025年4季度股票投资明细,2025
235,689009,九号公司,0.25,100.0,5559.0,2025年4季度股票投资明细,2025
236,002497,雅化集团,0.24,220.0,5445.0,2025年4季度股票投资明细,2025
237,300502,新易盛,0.23,12.0,5170.56,2025年4季度股票投资明细,2025
238,603345,安井食品,0.23,65.2,5169.06,2025年4季度股票投资明细,2025
239,600759,洲际油气,0.22,1600.0,4992.0,2025年4季度股票投资明细,2025
240,688136,科兴制药,0.21,150.0,4750.5,2025年4季度股票投资明细,2025
241,600926,杭州银行,0.2,300.0,4584.0,2025年4季度股票投资明细,2025
242,002270,华明装备,0.2,180.16,4511.21,2025年4季度股票投资明细,2025
243,000932,华菱钢铁,0.2,800.0,4496.0,2025年4季度股票投资明细,2025
244,603393,新天然气,0.2,165.47,4399.9,2025年4季度股票投资明细,2025
245,603308,应流股份,0.19,100.0,4175.0,2025年4季度股票投资明细,2025
246,301039,中集车辆,0.18,450.56,4122.62,2025年4季度股票投资明细,2025
247,688789,宏华数科,0.18,50.0,4078.5,2025年4季度股票投资明细,2025
248,600795,国电电力,0.18,800.0,4032.0,2025年4季度股票投资明细,2025
249,688036,传音控股,0.17,60.0,3772.8,2025年4季度股票投资明细,2025
250,002627,三峡旅游,0.17,500.0,3710.0,2025年4季度股票投资明细,2025
251,600398,海澜之家,0.16,600.0,3630.0,2025年4季度股票投资明细,2025
252,603993,洛阳钼业,0.16,180.85,3617.0,2025年4季度股票投资明细,2025
253,002430,杭氧股份,0.16,120.59,3602.02,2025年4季度股票投资明细,2025
254,601021,春秋航空,0.16,60.0,3570.0,2025年4季度股票投资明细,2025
255,300628,亿联网络,0.16,100.0,3565.0,2025年4季度股票投资明细,2025
256,600428,中远海特,0.16,500.0,3550.0,2025年4季度股票投资明细,2025
257,002768,国恩股份,0.16,67.2,3539.96,2025年4季度股票投资明细,2025
258,601688,华泰证券,0.16,150.0,3538.5,2025年4季度股票投资明细,2025
259,300627,华测导航,0.16,100.09,3494.14,2025年4季度股票投资明细,2025
260,002202,金风科技,0.15,159.99,3263.89,2025年4季度股票投资明细,2025
261,301498,乖宝宠物,0.14,48.11,3134.37,2025年4季度股票投资明细,2025
262,600309,万华化学,0.14,40.0,3067.2,2025年4季度股票投资明细,2025
263,600989,宝丰能源,0.13,150.0,2944.5,2025年4季度股票投资明细,2025
264,688019,安集科技,0.13,13.0,2832.96,2025年4季度股票投资明细,2025
265,603619,中曼石油,0.12,120.27,2772.22,2025年4季度股票投资明细,2025
1,002142,宁波银行,7.71,5000.0,152250.0,2026年1季度股票投资明细,2026
2,002353,杰瑞股份,6.67,1360.0,131648.0,2026年1季度股票投资明细,2026
3,300750,宁德时代,6.51,320.04,128560.07,2026年1季度股票投资明细,2026
4,603129,春风动力,2.65,230.0,52355.7,2026年1季度股票投资明细,2026
5,000425,徐工机械,2.55,5000.0,50400.0,2026年1季度股票投资明细,2026
6,601899,紫金矿业,2.49,1500.0,49080.0,2026年1季度股票投资明细,2026
7,300910,瑞丰新材,2.46,1000.0,48540.0,2026年1季度股票投资明细,2026
8,688548,广钢气体,2.37,2100.0,46725.0,2026年1季度股票投资明细,2026
9,600519,贵州茅台,2.06,28.0,40600.0,2026年1季度股票投资明细,2026
10,300285,国瓷材料,1.91,1230.0,37761.0,2026年1季度股票投资明细,2026
11,688266,泽璟制药,1.9,380.0,37544.0,2026年1季度股票投资明细,2026
12,002244,滨江集团,1.73,3500.0,34160.01,2026年1季度股票投资明细,2026
13,688392,骄成超声,1.61,300.0,31800.0,2026年1季度股票投资明细,2026
14,301489,思泉新材,1.55,185.0,30502.8,2026年1季度股票投资明细,2026
15,603997,继峰股份,1.19,2000.0,23520.0,2026年1季度股票投资明细,2026
16,603393,新天然气,1.09,600.06,21596.23,2026年1季度股票投资明细,2026
17,600993,马应龙,1.02,800.0,20120.0,2026年1季度股票投资明细,2026
18,601799,星宇股份,0.93,150.0,18301.5,2026年1季度股票投资明细,2026
19,300470,中密控股,0.89,500.0,17620.0,2026年1季度股票投资明细,2026
20,300818,耐普矿机,0.86,500.0,17045.0,2026年1季度股票投资明细,2026
21,688150,莱特光电,0.78,400.0,15484.0,2026年1季度股票投资明细,2026
22,688196,卓越新能,0.78,220.0,15402.2,2026年1季度股票投资明细,2026
23,603701,德宏股份,0.57,500.0,11245.0,2026年1季度股票投资明细,2026
24,688212,澳华内镜,0.57,300.0,11190.0,2026年1季度股票投资明细,2026
25,000061,农产品,0.56,1500.0,11070.03,2026年1季度股票投资明细,2026
26,688377,迪威尔,0.55,300.0,10914.0,2026年1季度股票投资明细,2026
27,688611,杭州柯林,0.52,200.05,10354.78,2026年1季度股票投资明细,2026
28,688625,呈和科技,0.48,180.0,9572.4,2026年1季度股票投资明细,2026
29,603901,永创智能,0.46,800.0,9120.0,2026年1季度股票投资明细,2026
30,688686,奥普特,0.46,100.0,9000.0,2026年1季度股票投资明细,2026
31,920522,纳科诺尔,0.34,139.59,6615.35,2026年1季度股票投资明细,2026
32,000526,学大教育,0.27,174.93,5368.6,2026年1季度股票投资明细,2026
33,301617,博苑股份,0.14,50.0,2725.0,2026年1季度股票投资明细,2026
34,002353,杰瑞股份,8.56,1100.0,167750.0,2026年2季度股票投资明细,2026
35,002142,宁波银行,7.58,5000.0,148450.0,2026年2季度股票投资明细,2026
36,300750,宁德时代,6.22,310.0,121833.1,2026年2季度股票投资明细,2026
37,688548,广钢气体,6.12,2300.0,119830.0,2026年2季度股票投资明细,2026
38,603129,春风动力,3.79,290.05,74196.04,2026年2季度股票投资明细,2026
39,300308,中际旭创,3.63,56.02,71145.4,2026年2季度股票投资明细,2026
40,688266,泽璟制药,2.56,430.02,50165.6,2026年2季度股票投资明细,2026
41,300285,国瓷材料,2.0,380.0,39208.4,2026年2季度股票投资明细,2026
42,601318,中国平安,1.97,810.0,38669.4,2026年2季度股票投资明细,2026
43,002244,滨江集团,1.94,5016.01,38007.09,2026年2季度股票投资明细,2026
