序号,行业类别,占净值比例,市值,截止时间,fetch_year
1,制造业,66.72,2181905.946718,2022-12-31,2022
2,金融业,6.0,196295.8,2022-12-31,2022
3,科学研究和技术服务业,5.47,178763.525217,2022-12-31,2022
4,信息传输、软件和信息技术服务业,3.91,127834.488824,2022-12-31,2022
5,卫生和社会工作,3.6,117619.690358,2022-12-31,2022
6,批发和零售业,2.8,91487.244224,2022-12-31,2022
7,采矿业,1.71,55778.68022,2022-12-31,2022
8,租赁和商务服务业,1.39,45465.85,2022-12-31,2022
9,交通运输、仓储和邮政业,1.2,39338.94034,2022-12-31,2022
10,电力、热力、燃气及水生产和供应业,0.82,26844.38275,2022-12-31,2022
11,房地产业,0.17,5455.527234,2022-12-31,2022
12,住宿和餐饮业,0.1,3413.5,2022-12-31,2022
13,综合,0.05,1502.3794,2022-12-31,2022
14,农、林、牧、渔业,0.02,785.2,2022-12-31,2022
15,文化、体育和娱乐业,0.01,292.0,2022-12-31,2022
16,制造业,71.59,2271624.869949,2022-09-30,2022
17,金融业,6.27,198993.7788,2022-09-30,2022
18,科学研究和技术服务业,3.43,108869.870855,2022-09-30,2022
19,信息传输、软件和信息技术服务业,2.97,94377.891531,2022-09-30,2022
20,批发和零售业,2.08,65956.05311,2022-09-30,2022
21,卫生和社会工作,1.8,57042.967937,2022-09-30,2022
22,采矿业,1.75,55430.122207,2022-09-30,2022
23,租赁和商务服务业,1.18,37507.118466,2022-09-30,2022
24,房地产业,0.98,31163.6264,2022-09-30,2022
25,电力、热力、燃气及水生产和供应业,0.87,27655.30964,2022-09-30,2022
26,交通运输、仓储和邮政业,0.77,24590.42648,2022-09-30,2022
27,住宿和餐饮业,0.1,3310.3,2022-09-30,2022
28,农、林、牧、渔业,0.03,820.4,2022-09-30,2022
29,文化、体育和娱乐业,0.01,240.0,2022-09-30,2022
30,水利、环境和公共设施管理业,0.0,28.613262,2022-09-30,2022
31,制造业,74.54,2762335.797305,2022-06-30,2022
32,金融业,6.13,227193.72802,2022-06-30,2022
33,科学研究和技术服务业,3.64,134828.708032,2022-06-30,2022
34,信息传输、软件和信息技术服务业,3.57,132350.134449,2022-06-30,2022
35,批发和零售业,1.41,52166.838906,2022-06-30,2022
36,租赁和商务服务业,1.33,49193.014576,2022-06-30,2022
37,卫生和社会工作,1.25,46283.071474,2022-06-30,2022
38,交通运输、仓储和邮政业,0.93,34523.31006,2022-06-30,2022
39,采矿业,0.58,21627.410758,2022-06-30,2022
40,电力、热力、燃气及水生产和供应业,0.27,9894.7681,2022-06-30,2022
41,房地产业,0.2,7498.930318,2022-06-30,2022
42,住宿和餐饮业,0.08,3145.0,2022-06-30,2022
43,农、林、牧、渔业,0.02,851.6,2022-06-30,2022
44,文化、体育和娱乐业,0.02,767.5,2022-06-30,2022
45,水利、环境和公共设施管理业,0.0,31.296126,2022-06-30,2022
46,制造业,69.88,2338583.737357,2022-03-31,2022
47,金融业,8.05,269357.028138,2022-03-31,2022
48,科学研究和技术服务业,3.48,116499.798008,2022-03-31,2022
49,信息传输、软件和信息技术服务业,3.35,112123.703413,2022-03-31,2022
50,批发和零售业,2.27,76046.901147,2022-03-31,2022
51,租赁和商务服务业,1.78,59539.69368,2022-03-31,2022
52,房地产业,1.42,47574.66991,2022-03-31,2022
53,交通运输、仓储和邮政业,1.14,38057.49808,2022-03-31,2022
54,采矿业,1.07,35919.045716,2022-03-31,2022
55,卫生和社会工作,0.78,26202.78379,2022-03-31,2022
56,电力、热力、燃气及水生产和供应业,0.28,9407.6489,2022-03-31,2022
57,住宿和餐饮业,0.07,2487.76032,2022-03-31,2022
58,文化、体育和娱乐业,0.05,1580.619044,2022-03-31,2022
59,农、林、牧、渔业,0.03,882.0,2022-03-31,2022
60,建筑业,0.0,0.711012,2022-03-31,2022
1,制造业,70.98,2011494.487227,2023-12-31,2023
2,卫生和社会工作,4.56,129183.3353,2023-12-31,2023
3,金融业,2.72,76948.6,2023-12-31,2023
4,科学研究和技术服务业,2.7,76597.29999,2023-12-31,2023
5,采矿业,2.49,70562.9768,2023-12-31,2023
6,批发和零售业,2.17,61536.382,2023-12-31,2023
7,交通运输、仓储和邮政业,2.1,59461.598141,2023-12-31,2023
8,房地产业,1.91,54121.737331,2023-12-31,2023
9,电力、热力、燃气及水生产和供应业,1.77,50168.44575,2023-12-31,2023
10,信息传输、软件和信息技术服务业,1.57,44508.163225,2023-12-31,2023
11,租赁和商务服务业,1.4,39657.2058,2023-12-31,2023
12,农、林、牧、渔业,0.08,2389.5,2023-12-31,2023
13,住宿和餐饮业,0.06,1821.508,2023-12-31,2023
14,水利、环境和公共设施管理业,0.0,1.006929,2023-12-31,2023
15,制造业,67.08,2071214.462415,2023-09-30,2023
16,卫生和社会工作,4.73,146057.760946,2023-09-30,2023
17,金融业,3.67,113464.664472,2023-09-30,2023
18,采矿业,3.56,109880.056472,2023-09-30,2023
19,批发和零售业,2.95,91108.593898,2023-09-30,2023
20,科学研究和技术服务业,2.85,87982.492218,2023-09-30,2023
21,电力、热力、燃气及水生产和供应业,2.44,75471.06246,2023-09-30,2023
22,交通运输、仓储和邮政业,2.08,64214.5,2023-09-30,2023
23,房地产业,1.61,49699.242627,2023-09-30,2023
24,租赁和商务服务业,1.44,44589.002473,2023-09-30,2023
25,信息传输、软件和信息技术服务业,1.39,42885.69214,2023-09-30,2023
26,住宿和餐饮业,0.12,3760.0,2023-09-30,2023
27,农、林、牧、渔业,0.05,1479.3,2023-09-30,2023
28,水利、环境和公共设施管理业,0.0,3.625284,2023-09-30,2023
29,制造业,68.86,2213253.593262,2023-06-30,2023
30,卫生和社会工作,5.2,166999.194396,2023-06-30,2023
31,金融业,2.99,96199.67547,2023-06-30,2023
32,批发和零售业,2.9,93310.240241,2023-06-30,2023
33,采矿业,2.83,90907.189078,2023-06-30,2023
34,信息传输、软件和信息技术服务业,2.71,86948.539264,2023-06-30,2023
35,科学研究和技术服务业,2.5,80465.120462,2023-06-30,2023
36,交通运输、仓储和邮政业,2.29,73645.447901,2023-06-30,2023
37,电力、热力、燃气及水生产和供应业,1.7,54789.381262,2023-06-30,2023
38,住宿和餐饮业,0.69,22307.541952,2023-06-30,2023
39,租赁和商务服务业,0.68,21935.53,2023-06-30,2023
40,房地产业,0.48,15380.733,2023-06-30,2023
41,农、林、牧、渔业,0.03,1101.0,2023-06-30,2023
42,文化、体育和娱乐业,0.01,248.0,2023-06-30,2023
43,水利、环境和公共设施管理业,0.0,2.256657,2023-06-30,2023
44,制造业,65.87,2230029.219168,2023-03-31,2023
45,卫生和社会工作,5.88,198955.039153,2023-03-31,2023
46,金融业,5.01,169768.6,2023-03-31,2023
47,信息传输、软件和信息技术服务业,5.01,169731.287837,2023-03-31,2023
48,科学研究和技术服务业,3.58,121091.084543,2023-03-31,2023
49,批发和零售业,2.62,88676.113575,2023-03-31,2023
50,采矿业,2.28,77175.434353,2023-03-31,2023
51,交通运输、仓储和邮政业,1.22,41268.098816,2023-03-31,2023
52,电力、热力、燃气及水生产和供应业,1.15,39055.424575,2023-03-31,2023
53,租赁和商务服务业,0.61,20483.5,2023-03-31,2023
54,住宿和餐饮业,0.29,9909.175539,2023-03-31,2023
55,房地产业,0.2,6804.7475,2023-03-31,2023
56,农、林、牧、渔业,0.04,1228.2,2023-03-31,2023
57,文化、体育和娱乐业,0.01,325.4,2023-03-31,2023
58,水利、环境和公共设施管理业,0.0,10.346959,2023-03-31,2023
1,制造业,75.07,1926322.532772,2024-12-31,2024
2,金融业,4.2,107705.7,2024-12-31,2024
3,房地产业,3.79,97278.0,2024-12-31,2024
4,交通运输、仓储和邮政业,3.24,83039.68648,2024-12-31,2024
5,批发和零售业,2.16,55515.145083,2024-12-31,2024
6,租赁和商务服务业,1.86,47730.1,2024-12-31,2024
7,采矿业,1.15,29557.2184,2024-12-31,2024
8,文化、体育和娱乐业,1.0,25674.0428,2024-12-31,2024
9,信息传输、软件和信息技术服务业,0.75,19195.665313,2024-12-31,2024
10,电力、热力、燃气及水生产和供应业,0.63,16055.864,2024-12-31,2024
11,科学研究和技术服务业,0.48,12212.8,2024-12-31,2024
12,农、林、牧、渔业,0.06,1651.0,2024-12-31,2024
13,水利、环境和公共设施管理业,0.06,1496.647868,2024-12-31,2024
14,住宿和餐饮业,0.02,509.5629,2024-12-31,2024
15,卫生和社会工作,0.01,275.3,2024-12-31,2024
16,制造业,74.24,2171567.456466,2024-09-30,2024
17,交通运输、仓储和邮政业,5.47,160006.959205,2024-09-30,2024
18,房地产业,4.75,139040.0,2024-09-30,2024
19,金融业,3.14,91890.76587,2024-09-30,2024
20,采矿业,1.85,53994.2193,2024-09-30,2024
21,租赁和商务服务业,1.51,44299.0,2024-09-30,2024
22,批发和零售业,0.97,28396.2,2024-09-30,2024
23,电力、热力、燃气及水生产和供应业,0.79,23075.0,2024-09-30,2024
24,文化、体育和娱乐业,0.64,18735.0,2024-09-30,2024
25,科学研究和技术服务业,0.56,16412.6,2024-09-30,2024
26,信息传输、软件和信息技术服务业,0.35,10221.667215,2024-09-30,2024
27,卫生和社会工作,0.14,3955.605718,2024-09-30,2024
28,农、林、牧、渔业,0.07,2014.0,2024-09-30,2024
29,水利、环境和公共设施管理业,0.02,456.707128,2024-09-30,2024
30,制造业,72.82,1961958.824065,2024-06-30,2024
31,交通运输、仓储和邮政业,5.43,146331.08245,2024-06-30,2024
32,房地产业,3.66,98736.967912,2024-06-30,2024
33,金融业,2.49,67041.1,2024-06-30,2024
34,批发和零售业,2.35,63410.57851,2024-06-30,2024
35,采矿业,2.0,53806.7891,2024-06-30,2024
36,电力、热力、燃气及水生产和供应业,1.39,37415.0,2024-06-30,2024
37,租赁和商务服务业,1.03,27774.1514,2024-06-30,2024
38,文化、体育和娱乐业,0.98,26356.2,2024-06-30,2024
39,科学研究和技术服务业,0.87,23452.6656,2024-06-30,2024
40,信息传输、软件和信息技术服务业,0.84,22548.840711,2024-06-30,2024
41,卫生和社会工作,0.45,12158.3,2024-06-30,2024
42,农、林、牧、渔业,0.09,2378.4,2024-06-30,2024
43,水利、环境和公共设施管理业,0.0,2.007768,2024-06-30,2024
44,制造业,72.84,2019161.645266,2024-03-31,2024
45,交通运输、仓储和邮政业,3.09,85585.574079,2024-03-31,2024
46,采矿业,3.0,83027.333104,2024-03-31,2024
47,卫生和社会工作,2.93,81349.8,2024-03-31,2024
48,房地产业,2.23,61806.514304,2024-03-31,2024
49,金融业,2.14,59290.5,2024-03-31,2024
50,批发和零售业,1.85,51257.736216,2024-03-31,2024
51,电力、热力、燃气及水生产和供应业,1.73,47915.4064,2024-03-31,2024
52,科学研究和技术服务业,1.42,39339.597365,2024-03-31,2024
53,租赁和商务服务业,1.27,35330.53616,2024-03-31,2024
54,文化、体育和娱乐业,1.08,29829.49035,2024-03-31,2024
55,信息传输、软件和信息技术服务业,0.84,23214.518461,2024-03-31,2024
56,农、林、牧、渔业,0.08,2280.0,2024-03-31,2024
57,水利、环境和公共设施管理业,0.03,783.386338,2024-03-31,2024
1,制造业,72.82,1637358.365542,2025-12-31,2025
2,金融业,7.7,173047.25,2025-12-31,2025
3,采矿业,3.73,83799.151972,2025-12-31,2025
4,信息传输、软件和信息技术服务业,2.72,61266.109552,2025-12-31,2025
5,房地产业,1.83,41145.0,2025-12-31,2025
6,租赁和商务服务业,1.5,33757.34661,2025-12-31,2025
7,科学研究和技术服务业,1.45,32570.96009,2025-12-31,2025
8,教育,0.96,21571.0,2025-12-31,2025
9,交通运输、仓储和邮政业,0.48,10878.6,2025-12-31,2025
10,电力、热力、燃气及水生产和供应业,0.41,9253.703139,2025-12-31,2025
11,住宿和餐饮业,0.28,6334.6836,2025-12-31,2025
12,水利、环境和公共设施管理业,0.17,3710.0,2025-12-31,2025
13,批发和零售业,0.16,3621.669444,2025-12-31,2025
14,农、林、牧、渔业,0.13,2918.4,2025-12-31,2025
15,文化、体育和娱乐业,0.03,566.0,2025-12-31,2025
16,制造业,70.77,1709207.428279,2025-09-30,2025
17,金融业,6.24,150687.7324,2025-09-30,2025
18,采矿业,4.68,112967.17643,2025-09-30,2025
19,信息传输、软件和信息技术服务业,3.89,93834.653704,2025-09-30,2025
20,房地产业,3.16,76310.0,2025-09-30,2025
21,科学研究和技术服务业,1.87,45261.592464,2025-09-30,2025
22,租赁和商务服务业,1.57,37884.21516,2025-09-30,2025
23,教育,0.93,22385.0,2025-09-30,2025
24,交通运输、仓储和邮政业,0.52,12471.8672,2025-09-30,2025
25,批发和零售业,0.28,6725.169839,2025-09-30,2025
26,电力、热力、燃气及水生产和供应业,0.22,5257.324,2025-09-30,2025
27,农、林、牧、渔业,0.11,2543.2,2025-09-30,2025
28,水利、环境和公共设施管理业,0.08,1821.785124,2025-09-30,2025
29,住宿和餐饮业,0.07,1761.6,2025-09-30,2025
30,文化、体育和娱乐业,0.03,615.5,2025-09-30,2025
31,制造业,68.77,1619067.422389,2025-06-30,2025
32,金融业,8.88,209112.66388,2025-06-30,2025
33,采矿业,5.43,127960.71685,2025-06-30,2025
34,房地产业,2.3,54105.0,2025-06-30,2025
35,租赁和商务服务业,1.85,43451.660726,2025-06-30,2025
36,信息传输、软件和信息技术服务业,1.76,41368.625426,2025-06-30,2025
37,交通运输、仓储和邮政业,1.41,33134.9191,2025-06-30,2025
38,科学研究和技术服务业,1.31,30757.048564,2025-06-30,2025
39,批发和零售业,1.02,23930.9212,2025-06-30,2025
40,教育,0.75,17712.370675,2025-06-30,2025
41,电力、热力、燃气及水生产和供应业,0.41,9634.3392,2025-06-30,2025
42,文化、体育和娱乐业,0.22,5154.860277,2025-06-30,2025
43,水利、环境和公共设施管理业,0.17,4107.032098,2025-06-30,2025
44,住宿和餐饮业,0.12,2738.958,2025-06-30,2025
45,卫生和社会工作,0.01,308.4,2025-06-30,2025
46,制造业,76.19,1923804.948497,2025-03-31,2025
47,金融业,5.86,147988.791506,2025-03-31,2025
48,房地产业,2.36,59494.6048,2025-03-31,2025
49,批发和零售业,2.32,58634.6607,2025-03-31,2025
50,采矿业,2.25,56702.754124,2025-03-31,2025
51,租赁和商务服务业,1.91,48128.084,2025-03-31,2025
52,交通运输、仓储和邮政业,1.06,26673.702472,2025-03-31,2025
53,信息传输、软件和信息技术服务业,1.0,25148.946673,2025-03-31,2025
54,教育,0.45,11347.72,2025-03-31,2025
55,文化、体育和娱乐业,0.41,10439.6794,2025-03-31,2025
56,科学研究和技术服务业,0.3,7452.579808,2025-03-31,2025
57,电力、热力、燃气及水生产和供应业,0.24,5945.0784,2025-03-31,2025
58,水利、环境和公共设施管理业,0.09,2320.347,2025-03-31,2025
59,卫生和社会工作,0.03,659.5,2025-03-31,2025
60,住宿和餐饮业,0.02,421.6212,2025-03-31,2025
1,制造业,72.91,1428119.462889,2026-06-30,2026
2,金融业,11.17,218774.785,2026-06-30,2026
3,采矿业,2.47,48396.511742,2026-06-30,2026
4,房地产业,2.03,39717.59319,2026-06-30,2026
5,信息传输、软件和信息技术服务业,1.3,25454.93414,2026-06-30,2026
6,交通运输、仓储和邮政业,0.95,18584.858346,2026-06-30,2026
7,电力、热力、燃气及水生产和供应业,0.92,18086.529144,2026-06-30,2026
8,科学研究和技术服务业,0.73,14240.673078,2026-06-30,2026
9,住宿和餐饮业,0.55,10803.5347,2026-06-30,2026
10,租赁和商务服务业,0.48,9383.0711,2026-06-30,2026
11,农、林、牧、渔业,0.37,7326.0,2026-06-30,2026
12,批发和零售业,0.34,6647.85116,2026-06-30,2026
13,教育,0.09,1750.7124,2026-06-30,2026
14,文化、体育和娱乐业,0.02,480.0,2026-06-30,2026
15,制造业,71.25,1406468.485386,2026-03-31,2026
16,金融业,9.71,191624.1,2026-03-31,2026
17,采矿业,4.57,90237.562157,2026-03-31,2026
18,房地产业,1.76,34723.47888,2026-03-31,2026
19,电力、热力、燃气及水生产和供应业,1.71,33706.209779,2026-03-31,2026
20,科学研究和技术服务业,1.33,26308.78523,2026-03-31,2026
21,信息传输、软件和信息技术服务业,1.13,22322.576587,2026-03-31,2026
22,交通运输、仓储和邮政业,0.93,18440.894566,2026-03-31,2026
23,租赁和商务服务业,0.77,15233.028782,2026-03-31,2026
24,住宿和餐饮业,0.59,11561.0862,2026-03-31,2026
25,教育,0.27,5368.6017,2026-03-31,2026
26,批发和零售业,0.18,3562.3512,2026-03-31,2026
27,综合,0.13,2580.0,2026-03-31,2026
28,水利、环境和公共设施管理业,0.08,1588.0,2026-03-31,2026
29,农、林、牧、渔业,0.04,749.5,2026-03-31,2026
30,文化、体育和娱乐业,0.02,488.5,2026-03-31,2026
