industry_code,industry_name,source
801010,农林牧渔,api
801030,基础化工,api
801040,钢铁,api
801050,有色金属,api
801080,电子,api
801880,汽车,api
801110,家用电器,api
801120,食品饮料,api
801130,纺织服饰,api
801140,轻工制造,api
801150,医药生物,api
801160,公用事业,api
801170,交通运输,api
801180,房地产,api
801200,商贸零售,api
801210,社会服务,api
801780,银行,api
801790,非银金融,api
801230,综合,api
801710,建筑材料,api
801720,建筑装饰,api
801730,电力设备,api
801890,机械设备,api
801740,国防军工,api
801750,计算机,api
801760,传媒,api
801770,通信,api
801950,煤炭,api
801960,石油石化,api
801970,环保,api
801980,美容护理,api
